"locationID","locationCountry","locationInfo","locationTime","locationType","locationAddress","locationName","locationScore","locationCommentCount","locationCoordinates","locationCityID","locationImg"
1,"Fransa","Efsanevi demir kule","3 saat","Turistik Yer","Champ de Mars, 5 Avenue Anatole France, 75007 Paris, Fransa","Eiffel Kulesi","4.8",1200,"48.8584° N, 2.2945° E",1,NULL
2,"Fransa","Dünyanın en büyük sanat müzesi","4 saat","Müze","Rue de Rivoli, 75001 Paris, Fransa","Louvre Müzesi","4.7",1500,"48.8606° N, 2.3376° E",1,NULL
3,"Fransa","Romantik ve ünlü köprü","1 saat","Köprü","Pont Alexandre III, 75008 Paris, Fransa","Pont Alexandre III","4.6",1000,"48.8639° N, 2.3136° E",1,NULL
4,"Fransa","Tarihî gösterişli opera binası","2 saat","Opera Binası","Place de l'Opéra, 75009 Paris, Fransa","Palais Garnier","4.5",900,"48.8718° N, 2.3319° E",1,NULL
5,"Fransa","Şehrin kalbi ve meşhur alışveriş caddesi","3 saat","Sokak","Champs-Élysées, 75008 Paris, Fransa","Champs-Élysées","4.4",800,"48.8738° N, 2.2950° E",1,NULL
6,"Fransa","Büyüleyici kilise","2 saat","Tarihi Yapı","Rue du Chevalier de la Barre, 75018 Paris, Fransa","Sacre-Coeur Bazilikası","4.3",750,"48.8867° N, 2.3431° E",1,NULL
7,"Fransa","Sanat ve kültürün buluşma noktası","3 saat","Sanat Galerisi","Quai François Mauriac, 75013 Paris, Fransa","National Library of France","4.2",700,"48.8336° N, 2.3766° E",1,NULL
8,"Fransa","Harika bir manzaraya sahip park","2 saat","Park","35 Rue Saint-Antoine, 75004 Paris, Fransa","Jardin des Tuileries","4.1",650,"48.8636° N, 2.3273° E",1,NULL
9,"Fransa","Ünlü sanat eserlerinin sergilendiği müze","4 saat","Müze","1 Rue de la Légion d'Honneur, 75007 Paris, Fransa","Orsay Müzesi","4",600,"48.8606° N, 2.3258° E",1,NULL
10,"Fransa","Bilim ve teknoloji müzesi","3 saat","Müze","Avenue Franklin Delano Roosevelt, 75008 Paris, Fransa","Cité des Sciences et de l'Industrie","3.9",550,"48.8957° N, 2.3886° E",1,NULL
11,"Fransa","Doğa ve bitki tutkunlarının cenneti","2 saat","Botanik Bahçe","57 Rue Cuvier, 75005 Paris, Fransa","Jardin des Plantes","4.8",500,"48.8431° N, 2.3595° E",1,NULL
12,"Fransa","Eşsiz mimari tasarımlar","3 saat","Bina","Rue du Louvre, 75001 Paris, Fransa","Palais-Royal","4.7",450,"48.8648° N, 2.3362° E",1,NULL
13,"Fransa","Modern sanat galerisi","2 saat","Sanat Galerisi","9 Rue du Plâtre, 75004 Paris, Fransa","Centre Pompidou","4.6",400,"48.8606° N, 2.3522° E",1,NULL
14,"Fransa","Ruhani bir atmosfer","2 saat","Tarihî Yapı","Place du Parvis de Notre-Dame, 75004 Paris, Fransa","Notre-Dame Katedrali","4.5",350,"48.8530° N, 2.3499° E",1,NULL
15,"Fransa","Moda ve lüksün merkezi","3 saat","Alışveriş","211 Avenue Jean Jaurès, 75019 Paris, Fransa","Galeries Lafayette","4.4",300,"48.8722° N, 2.3257° E",1,NULL
16,"Fransa","Efsanevi ressamın evi","2 saat","Müze","31 Rue Victor Massé, 75009 Paris, Fransa","Musée de la Vie Romantique","4.3",250,"48.8828° N, 2.3370° E",1,NULL
17,"Fransa","Gurme lezzetlerin buluşma noktası","2 saat","Restoran","25 Rue de la Montagne Sainte Geneviève, 75005 Paris, Fransa","Le Procope","4.2",200,"48.8493° N, 2.3465° E",1,NULL
18,"Fransa","Yaratıcı mimarinin eseri","1.5 saat","Tarihi Yapı","Rue Montmartre, 75002 Paris, Fransa","Passage des Panoramas","4.1",150,"48.8715° N, 2.3415° E",1,NULL
19,"Fransa","Sanatın doğayla buluştuğu mekan","2.5 saat","Park","75019 Paris, Fransa","Parc des Buttes-Chaumont","4",100,"48.8789° N, 2.3817° E",1,NULL
20,"Fransa","Ünlü yazarın evi","1 saat","Müze","16 Rue Chaptal, 75009 Paris, Fransa","Maison de Victor Hugo","3.9",50,"48.8833° N, 2.3295° E",1,NULL
21,"İtalya","Antik Roma Arenası","3 saat","Tarihi Yapı","Piazza del Colosseo, 1, 00184 Roma RM, İtalya","Kolizeum","4.7",1300,"41.8902° N, 12.4922° E",2,NULL
22,"İtalya","Roma İmparatorluğu'nun merkezi","4 saat","Tarihî Bölge","Via dei Fori Imperiali, 00186 Roma RM, İtalya","Forum Romanum","4.6",1100,"41.8925° N, 12.4853° E",2,NULL
23,"İtalya","Vatikan'ın kalbi","3 saat","Tarihi Yapı","Piazza San Pietro, 00120 Città del Vaticano, Vatican City","Aziz Petrus Meydanı","4.5",1200,"41.9022° N, 12.4530° E",2,NULL
24,"İtalya","Barok mimarisinin en güzel örneklerinden biri","2 saat","Tarihi Yapı","Piazza Navona, 00186 Roma RM, İtalya","Piazza Navona","4.4",1000,"41.8992° N, 12.4736° E",2,NULL
25,"İtalya","Tarihi meydan ve çeşme","1 saat","Tarihi Yapı","Piazza della Rotonda, 00186 Roma RM, İtalya","Pantheon","4.3",900,"41.8986° N, 12.4768° E",2,NULL
26,"İtalya","Rönesans dönemi sanatının incisi","3 saat","Müze","Piazzale del Museo Borghese, 5, 00197 Roma RM, İtalya","Borghese Galerisi","4.2",800,"41.9147° N, 12.4924° E",2,NULL
27,"İtalya","Roma'nın en ünlü merdivenleri","1 saat","Tarihi Yapı","Piazza di Spagna, 00187 Roma RM, İtalya","İspanyol Merdivenleri","4.1",700,"41.9054° N, 12.4823° E",2,NULL
28,"İtalya","Roma mitolojisine göre yapılmış bir çeşme","30 dakika","Tarihi Yapı","Piazza di Trevi, 00187 Roma RM, İtalya","Trevi Çeşmesi","4",600,"41.9009° N, 12.4833° E",2,NULL
29,"İtalya","Roma'nın en büyük ve en eski kilisesi","2 saat","Tarihi Yapı","Piazza San Giovanni in Laterano, 4, 00184 Roma RM, İtalya","Lateran Bazilikası","3.9",500,"41.8854° N, 12.5047° E",2,NULL
271,"Belçika","Brüksel'in en ünlü tarihi meydanı ve simgesi","2 saat","Meydan","Brüksel, Grand-Place, 1000 Bruxelles, Belçika","Grand Place","4.9",5500,"50.8467° N, 4.3525° E",13,NULL
31,"İtalya","Roma'nın kalbinde büyük bir meydan","1 saat","Tarihi Yapı","Piazza Venezia, 00187 Roma RM, İtalya","Piazza Venezia","4.7",300,"41.8956° N, 12.4823° E",2,NULL
32,"İtalya","Bir dönem Roma'nın en büyük hamamı","1.5 saat","Tarihi Yapı","Via delle Terme di Diocleziano, 1, 00184 Roma RM, İtalya","Diocletian Termal Hamamları","4.6",200,"41.9020° N, 12.4981° E",2,NULL
33,"İtalya","Roma'nın en eski ve en büyük meydanı","2 saat","Tarihi Yapı","Piazza del Campidoglio, 1, 00186 Roma RM, İtalya","Campidoglio","4.5",100,"41.8931° N, 12.4822° E",2,NULL
34,"İtalya","Tiber Nehri kıyısında tarihi bir köprü","1 saat","Köprü","Ponte Sant'Angelo, 00186 Roma RM, İtalya","Sant'Angelo Köprüsü","4.4",150,"41.9022° N, 12.4665° E",2,NULL
35,"İtalya","Barok mimarisinin en güzel eserlerinden biri","2 saat","Tarihi Yapı","Piazza di Spagna, 00187 Roma RM, İtalya","Santa Maria della Concezione dei Cappuccini Kilisesi","4.3",250,"41.9044° N, 12.4833° E",2,NULL
36,"İtalya","Roma'nın en büyük parkı","3 saat","Park","Piazzale Napoleone I, 00197 Roma RM, İtalya","Villa Borghese","4.2",350,"41.9145° N, 12.4905° E",2,NULL
37,"İtalya","Büyüleyici manzarası ile dikkat çeken kilise","1 saat","Tarihi Yapı","Piazza di Trevi, 00187 Roma RM, İtalya","Sant'Andrea delle Fratte Kilisesi","4.1",450,"41.9047° N, 12.4838° E",2,NULL
38,"İtalya","Sanatseverlerin uğrak noktası","2 saat","Sanat Galerisi","Lungotevere della Vittoria, 1, 00195 Roma RM, İtalya","MAXXI - Ulusal 21. Yüzyıl Sanat Müzesi","4",550,"41.9266° N, 12.4663° E",2,NULL
39,"İtalya","Tarihi ve dini bir yapı","1.5 saat","Tarihi Yapı","Piazza di San Giovanni in Laterano, 4, 00184 Roma RM, İtalya","Lateran Sarayı","3.9",650,"41.8854° N, 12.5047° E",2,NULL
40,"İtalya","Roma'nın en büyük ve en eski pazar yeri","2 saat","Pazar Yeri","Via Sannio, 00185 Roma RM, İtalya","Porta Portese Pazarı","4.8",750,"41.8827° N, 12.4786° E",2,NULL
41,"İngiltere","Kraliyet ailesinin resmi ikametgahı","3 saat","Tarihi Yapı","Westminster, Londra SW1A 1AA, İngiltere","Buckingham Sarayı","4.6",2000,"51.5014° N, 0.1419° W",3,NULL
42,"İngiltere","Ünlü saat kulesi ve simgesi","1 saat","Tarihi Yapı","Westminster, Londra SW1A 0AA, İngiltere","Big Ben","4.5",1800,"51.5007° N, 0.1246° W",3,NULL
43,"İngiltere","Dünyanın en ünlü müzesi","4 saat","Müze","Cromwell Rd, Kensington, Londra SW7 5BD, İngiltere","British Museum","4.4",1600,"51.5194° N, 0.1270° W",3,NULL
44,"İngiltere","Ünlü köprü ve nehri panoramik olarak gören nokta","1.5 saat","Manzara Noktası","Tower Bridge Rd, Londra SE1 2UP, İngiltere","Tower Bridge Exhibition","4.3",1400,"51.5055° N, 0.0754° W",3,NULL
45,"İngiltere","Londra'nın en yeşil ve büyük parkı","3 saat","Park","Westminster, Londra SW1A 2BJ, İngiltere","Hyde Park","4.2",1200,"51.5073° N, 0.1657° W",3,NULL
46,"İngiltere","Dünya çapında ünlü modern sanat galerisi","2 saat","Sanat Galerisi","Tate Modern, Bankside, Londra SE1 9TG, İngiltere","Tate Modern","4.1",1000,"51.5076° N, 0.0994° W",3,NULL
47,"İngiltere","Dünyanın en büyük tekerlek şeklindeki gözlem çarkı","1 saat","Tarihi Yapı","Lambeth, Londra SE1 7PB, İngiltere","London Eye","4",800,"51.5033° N, 0.1195° W",3,NULL
48,"İngiltere","Londra'nın en eski ve en ünlü müzesi","3 saat","Müze","Cromwell Rd, Knightsbridge, Londra SW7 2RL, İngiltere","Victoria and Albert Museum","3.9",600,"51.4966° N, 0.1722° W",3,NULL
49,"İngiltere","Gizemli ve ünlü tarihî yapı","2 saat","Tarihi Yapı","Westminster, Londra SW1A 0AA, İngiltere","Westminster Abbey","4.8",400,"51.4994° N, 0.1273° W",3,NULL
50,"İngiltere","Modern sanatın ve mimarinin buluşma noktası","2 saat","Sanat Galerisi","Silk St, Spitalfields, Londra EC2Y 8DS, İngiltere","Barbican Sanat Merkezi","4.7",200,"51.5194° N, 0.0929° W",3,NULL
51,"İngiltere","Kraliyet ailesinin mücevher koleksiyonu","2 saat","Müze","London SW1A 1AA, İngiltere","Tower of London","4.6",150,"51.5081° N, 0.0759° W",3,NULL
52,"İngiltere","Dünyanın en ünlü alışveriş caddesi","3 saat","Alışveriş","Oxford St, Londra W1C 1JN, İngiltere","Oxford Street","4.5",130,"51.5154° N, 0.1412° W",3,NULL
53,"İngiltere","Sembolik kule ve tarihî yapı","1 saat","Tarihi Yapı","Palace Yard, Londra SW1A 0AA, İngiltere","Elizabeth Kulesi","4.4",110,"51.5008° N, 0.1246° W",3,NULL
54,"İngiltere","Müzik ve performans sanatlarının merkezi","2 saat","Tiyatro","21 New Globe Walk, Bankside, Londra SE1 9DT, İngiltere","Shakespeare's Globe Tiyatrosu","4.3",90,"51.5081° N, 0.0976° W",3,NULL
55,"İngiltere","Tarihi ve önemli bir katedral","2 saat","Tarihi Yapı","London EC4M 8AD, İngiltere","Saint Paul Katedrali","4.2",70,"51.5138° N, 0.0984° W",3,NULL
56,"İngiltere","Büyük ve ünlü bir müzik salonu","2 saat","Müzik Salonu","Kensington Gore, Londra SW7 2AP, İngiltere","Royal Albert Hall","4.1",50,"51.5008° N, 0.1779° W",3,NULL
57,"İngiltere","Tarihi ve simgesel bir meydan","1 saat","Tarihi Yapı","Trafalgar Square, Londra WC2N 5DN, İngiltere","Trafalgar Meydanı","4",30,"51.5080° N, 0.1281° W",3,NULL
58,"İngiltere","Londra'nın en eski köprülerinden biri","1 saat","Tarihi Yapı","Southwark, Londra SE1 9DD, İngiltere","London Bridge","3.9",20,"51.5077° N, 0.0877° W",3,NULL
59,"İngiltere","Yüksekten panoramik Londra manzarası","2 saat","Manzara Noktası","London SE1 7PB, İngiltere","The Shard","4.8",10,"51.5045° N, 0.0865° W",3,NULL
60,"İngiltere","Sembolik ve tarihî bir yapı","1.5 saat","Tarihi Yapı","The Mall, Westminster, Londra SW1A 1AA, İngiltere","Admiralty Arch","4.7",5,"51.5046° N, 0.1279° W",3,NULL
272,"Belçika","Brüksel'in en ünlü müzesi ve sanat galerisi","3 saat","Müze","Brüksel, Rue de la Régence 3, 1000 Bruxelles, Belçika","Royal Museum of Fine Arts","4.8",5400,"50.8420° N, 4.3594° E",13,NULL
273,"Belçika","Brüksel'in en ünlü mimari yapılarından biri","2 saat","Tarihî Yapı","Brüksel, Koningsplein, 1000 Brussel, Belçika","Palais de Justice","4.7",5300,"50.8456° N, 4.3584° E",13,NULL
274,"Belçika","Brüksel'in en ünlü alışveriş caddesi ve mağazaları","3 saat","Alışveriş Bölgesi","Brüksel, Rue Neuve, 1000 Bruxelles, Belçika","Rue Neuve","4.6",5200,"50.8522° N, 4.3596° E",13,NULL
275,"Belçika","Brüksel'in en ünlü parkı ve yeşil alanı","3 saat","Park","Brüksel, Rue Royale, 1210 Saint-Josse-ten-Noode, Belçika","Parc de Bruxelles","4.5",5100,"50.8466° N, 4.3604° E",13,NULL
276,"Belçika","Brüksel'in en ünlü kilisesi ve manzarası","2 saat","Tarihî Yapı","Brüksel, Place Sainte-Gudule, 1000 Bruxelles, Belçika","St. Michael ve St. Gudula Katedrali","4.4",5000,"50.8467° N, 4.3595° E",13,NULL
277,"Belçika","Brüksel'in en ünlü köprüsü ve nehir manzarası","2 saat","Köprü","Brüksel, 1000 Brussel, Belçika","Manneken Pis","4.3",4900,"50.8444° N, 4.3497° E",13,NULL
278,"Belçika","Brüksel'in en ünlü anıtı ve hatırası","2 saat","Anıt","Brüksel, 1000 Brussel, Belçika","Atomium","4.2",4800,"50.8949° N, 4.3410° E",13,NULL
279,"Belçika","Brüksel'in en ünlü pazarı ve alışveriş noktası","2 saat","Pazar","Brüksel, Rue Haute, 1000 Bruxelles, Belçika","Brüksel Marolles Pazarı","4.1",4700,"50.8382° N, 4.3487° E",13,NULL
280,"Belçika","Brüksel'in en ünlü bira fabrikası ve tadımı","2 saat","Fabrika","Brüksel, Grote Markt 9, 1000 Brussel, Belçika","Delirium Bira Fabrikası","4",4600,"50.8489° N, 4.3543° E",13,NULL
281,"Belçika","Brüksel'in en ünlü kalesi ve tarihî yapısı","3 saat","Tarihî Yapı","Brüksel, Rue Royale 2, 1000 Bruxelles, Belçika","Brüksel Kraliyet Sarayı","4",4500,"50.8418° N, 4.3625° E",13,NULL
282,"Belçika","Brüksel'in en ünlü çarşısı ve alışveriş merkezi","3 saat","Alışveriş Merkezi","Brüksel, Place De Brouckère 1, 1000 Bruxelles, Belçika","City 2 Alışveriş Merkezi","4",4400,"50.8519° N, 4.3525° E",13,NULL
283,"Belçika","Brüksel'in en ünlü sanat galerisi ve sergi salonu","2 saat","Sanat Galerisi","Brüksel, Rue de la Loi 155, 1000 Bruxelles, Belçika","Bozar Sanat Merkezi","4",4300,"50.8419° N, 4.3618° E",13,NULL
284,"Belçika","Brüksel'in en ünlü sineması ve film gösterimi","2 saat","Sinema","Brüksel, Boulevard de Waterloo 44, 1000 Bruxelles, Belçika","UGC De Brouckère Sineması","4",4200,"50.8501° N, 4.3514° E",13,NULL
285,"Belçika","Brüksel'in en ünlü alışveriş sokakları ve mağazaları","3 saat","Alışveriş Bölgesi","Brüksel, Rue Antoine Dansaert 20, 1000 Bruxelles, Belçika","Dansaert Alışveriş Sokakları","4",4100,"50.8505° N, 4.3496° E",13,NULL
286,"Belçika","Brüksel'in en ünlü gece kulübü ve eğlence mekânı","4 saat","Eğlence Mekânı","Brüksel, 1000 Bruxelles, Belçika","Spirito Brüksel","4",4000,"50.8487° N, 4.3517° E",13,NULL
287,"Belçika","Brüksel'in en ünlü opera binası ve gösteri merkezi","3 saat","Opera Binasi","Brüksel, Place de la Monnaie, 1000 Bruxelles, Belçika","La Monnaie Opera","4",3900,"50.8482° N, 4.3547° E",13,NULL
288,"Belçika","Brüksel'in en ünlü köprüsü ve manzarası","2 saat","Köprü","Brüksel, Quai aux Briques, 1000 Bruxelles, Belçika","Port de Bruxelles Köprüsü","4",3800,"50.8617° N, 4.3482° E",13,NULL
289,"Belçika","Brüksel'in en ünlü heykeli ve tarihî anıtı","2 saat","Tarihî Anıt","Brüksel, Rue de la Régence, 1000 Bruxelles, Belçika","Mannken Pis Heykeli","4",3700,"50.8457° N, 4.3504° E",13,NULL
290,"Belçika","Brüksel'in en ünlü konser salonu ve etkinlik yeri","3 saat","Etkinlik Alanı","Brüksel, Place de Belgique 1, 1020 Bruxelles, Belçika","Forest National Konser Salonu","4",3600,"50.8128° N, 4.3345° E",13,NULL
291,"Belçika","Brüksel'in en ünlü halka açık alanı ve meydanı","2 saat","Meydan","Brüksel, 1000 Bruxelles, Belçika","Place Royale","4",3500,"50.8437° N, 4.3591° E",13,NULL
292,"Belçika","Brüksel'in en lüks oteli ve konaklama mekânı","24 saat","Otel","Brüksel, Place de l'Albertine 4, 1000 Bruxelles, Belçika","Hotel Amigo","4.9",5500,"50.8476° N, 4.3548° E",13,NULL
294,"Belçika","Brüksel'in en uygun fiyatlı oteli ve konaklama seçeneği","24 saat","Otel","Brüksel, Rue du Fossé aux Loups 47, 1000 Bruxelles, Belçika","Ibis Hotel Bruxelles Centre Gare Midi","4.7",5300,"50.8401° N, 4.3338° E",13,NULL
295,"Belçika","Brüksel'in en merkezi oteli ve konaklama yeri","24 saat","Otel","Brüksel, Boulevard Adolphe Max 98, 1000 Bruxelles, Belçika","Hotel Hubert Grand Place","4.6",5200,"50.8475° N, 4.3504° E",13,NULL
296,"Belçika","Brüksel'in en rahat oteli ve konaklama hizmeti","24 saat","Otel","Brüksel, Rue de l'Évêque 3, 1000 Bruxelles, Belçika","Warwick Brussels","4.5",5100,"50.8464° N, 4.3587° E",13,NULL
297,"Belçika","Brüksel'in en iyi ve geleneksel yemekleri sunan restoranı","2 saat","Restoran","Brüksel, Rue des Grands Carmes 10, 1000 Bruxelles, Belçika","Chez Léon Restoranı","4.9",5500,"50.8463° N, 4.3532° E",13,NULL
298,"Belçika","Brüksel'in en lezzetli ve deniz ürünleri restoranı","2 saat","Restoran","Brüksel, Rue Haute 128, 1000 Bruxelles, Belçika","Noordzee Mer du Nord","4.8",5400,"50.8473° N, 4.3504° E",13,NULL
299,"Belçika","Brüksel'in en popüler ve kalabalık restoranı","2 saat","Restoran","Brüksel, Rue de la Violette 22, 1000 Bruxelles, Belçika","La Roue d'Or Restoranı","4.7",5300,"50.8462° N, 4.3543° E",13,NULL
300,"Belçika","Brüksel'in en romantik ve manzaralı restoranı","2 saat","Restoran","Brüksel, Avenue du Port 86C, 1000 Bruxelles, Belçika","Brasserie De La Patinoire","4.6",5200,"50.8569° N, 4.3471° E",13,NULL
301,"Belçika","Brüksel'in en eğlenceli ve canlı restoranı","2 saat","Restoran","Brüksel, Place de Brouckère 38, 1000 Bruxelles, Belçika","Fritland","4.5",5100,"50.8495° N, 4.3520° E",13,NULL
302,"Danimarka","Kopenhag'ın en ünlü tarihi meydanı ve simgesi","2 saat","Meydan","Kopenhag, Frederiksberg, 2000 Frederiksberg, Danimarka","Rådhuspladsen","4.9",5500,"55.6759° N, 12.5690° E",14,NULL
303,"Danimarka","Kopenhag'ın en ünlü müzesi ve sanat galerisi","3 saat","Müze","Kopenhag, Ny Vestergade 10, 1471 København K, Danimarka","Ny Carlsberg Glyptotek","4.8",5400,"55.6721° N, 12.5692° E",14,NULL
304,"Danimarka","Kopenhag'ın en ünlü mimari yapılarından biri","2 saat","Tarihî Yapı","Kopenhag, Amalienborg Slotsplads 5, 1257 København K, Danimarka","Amalienborg Sarayı","4.7",5300,"55.6862° N, 12.5913° E",14,NULL
305,"Danimarka","Kopenhag'ın en ünlü alışveriş caddesi ve mağazaları","3 saat","Alışveriş Bölgesi","Kopenhag, Strøget, 1000 København, Danimarka","Strøget","4.6",5200,"55.6772° N, 12.5758° E",14,NULL
306,"Danimarka","Kopenhag'ın en ünlü parkı ve yeşil alanı","3 saat","Park","Kopenhag, Øster Voldgade 4A, 1350 København K, Danimarka","Tivoli Bahçeleri","4.5",5100,"55.6737° N, 12.5686° E",14,NULL
307,"Danimarka","Kopenhag'ın en ünlü kilisesi ve manzarası","2 saat","Tarihî Yapı","Kopenhag, Strøget 1, 1466 København, Danimarka","Kopenhag Katedrali","4.4",5000,"55.6786° N, 12.5783° E",14,NULL
308,"Danimarka","Kopenhag'ın en ünlü köprüsü ve nehir manzarası","2 saat","Köprü","Kopenhag, Sankt Annæ Pl. 36, 1250 København K, Danimarka","Kopenhag Sefaleti","4.3",4900,"55.6763° N, 12.5921° E",14,NULL
309,"Danimarka","Kopenhag'ın en ünlü anıtı ve hatırası","2 saat","Anıt","Kopenhag, Langelinie, 2100 København Ø, Danimarka","Küçük Denizkızı Heykeli","4.2",4800,"55.6928° N, 12.5990° E",14,NULL
310,"Danimarka","Kopenhag'ın en ünlü pazarı ve alışveriş noktası","2 saat","Pazar","Kopenhag, Halmtorvet 11, 1700 København, Danimarka","Kopenhag Pazarı","4.1",4700,"55.6757° N, 12.5606° E",14,NULL
311,"Danimarka","Kopenhag'ın en ünlü bira fabrikası ve tadımı","2 saat","Fabrika","Kopenhag, Raadhuspladsen 57, 1550 København V, Danimarka","Carlsberg Bira Fabrikası","4",4600,"55.6595° N, 12.5157° E",14,NULL
312,"Danimarka","Kopenhag'ın en ünlü kalesi ve tarihî yapısı","3 saat","Tarihî Yapı","Kopenhag, Nyhavn 2, 1051 København K, Danimarka","Rosenborg Kalesi","4.9",5500,"55.6863° N, 12.5791° E",14,NULL
313,"Danimarka","Kopenhag'ın en ünlü sahil bölgesi ve plajı","4 saat","Plaj","Kopenhag, Amager Strandvej 392, 2770 Kastrup, Danimarka","Amager Strand Plajı","4.8",5400,"55.6419° N, 12.6418° E",14,NULL
314,"Danimarka","Kopenhag'ın en ünlü sergi ve etkinlik alanı","3 saat","Etkinlik Alanı","Kopenhag, Sonning Towers, 1560 København V, Danimarka","Bella Center","4.7",5300,"55.6290° N, 12.5654° E",14,NULL
315,"Danimarka","Kopenhag'ın en ünlü gölü ve manzarası","2 saat","Göl","Kopenhag, Sønder Boulevard, 1720 København, Danimarka","Søerne Gölü","4.6",5200,"55.6724° N, 12.5503° E",14,NULL
316,"Danimarka","Kopenhag'ın en ünlü doğal parkı ve yeşil alanı","3 saat","Park","Kopenhag, Dyrehaven 104, 2930 Klampenborg, Danimarka","Dyrehaven Ormanı","4.5",5100,"55.7733° N, 12.5865° E",14,NULL
317,"Danimarka","Kopenhag'ın en ünlü adası ve manzarası","4 saat","Ada","Kopenhag, Refshalevej 167A, 1432 København, Danimarka","Refshaleøen Adası","4.4",5000,"55.6933° N, 12.6180° E",14,NULL
64,"Hollanda","Tarihi ve simgesel bir kraliyet sarayı","2 saat","Tarihi Yapı","Dam, 1012 NP Amsterdam, Hollanda","Kraliyet Sarayı","4.3",1500,"52.3731° N, 4.8916° E",5,NULL
65,"Hollanda","Amsterdam'ın en eski kilisesi","1.5 saat","Tarihi Yapı","Oudekerksplein 23, 1012 GX Amsterdam, Hollanda","Oude Kerk","4.2",1400,"52.3740° N, 4.8982° E",5,NULL
318,"Danimarka","Kopenhag'ın en ünlü tarihi sokakları ve evleri","3 saat","Sokak","Kopenhag, Stræder, 1100 København, Danimarka","Stræder Tarihi Sokakları","4.3",4900,"55.6791° N, 12.5802° E",14,NULL
319,"Danimarka","Kopenhag'ın en ünlü gökdeleni ve manzarası","2 saat","Gökdelen","Kopenhag, Amager Strandvej 350, 2770 Kastrup, Danimarka","Bella Sky Comwell Hotel","4.2",4800,"55.6292° N, 12.5736° E",14,NULL
320,"Danimarka","Kopenhag'ın en ünlü opera binası ve sanat merkezi","3 saat","Opera Binasi","Kopenhag, Ekvipagemestervej 10, 1438 København, Danimarka","Kraliyet Danimarka Opera Binası","4.1",4700,"55.6823° N, 12.5934° E",14,NULL
321,"Danimarka","Kopenhag'ın en ünlü evi ve tarihî yapısı","2 saat","Tarihî Yapı","Kopenhag, Nørrebro, 2200 København N, Danimarka","Rundetaarn","4",4600,"55.6814° N, 12.5734° E",14,NULL
322,"Danimarka","Kopenhag'ın en lüks oteli ve konaklama mekânı","24 saat","Otel","Kopenhag, H. C. Andersens Blvd. 8, 1553 København V, Danimarka","Tivoli Otel","4.9",5500,"55.6736° N, 12.5635° E",14,NULL
324,"Danimarka","Kopenhag'ın en uygun fiyatlı oteli ve konaklama seçeneği","24 saat","Otel","Kopenhag, Amager Blvd. 70, 2300 København, Danimarka","AC Hotel Bella Sky Copenhagen","4.7",5300,"55.6297° N, 12.5685° E",14,NULL
325,"Danimarka","Kopenhag'ın en merkezi oteli ve konaklama yeri","24 saat","Otel","Kopenhag, Bernstorffsgade 4, 1577 København, Danimarka","Scandic Palace Hotel","4.6",5200,"55.6745° N, 12.5658° E",14,NULL
326,"Danimarka","Kopenhag'ın en rahat oteli ve konaklama hizmeti","24 saat","Otel","Kopenhag, Tietgensgade 35-39, 1577 København, Danimarka","Copenhagen Island Hotel","4.5",5100,"55.6664° N, 12.5660° E",14,NULL
327,"Danimarka","Kopenhag'ın en popüler ve lezzetli restoranı","2 saat","Restoran","Kopenhag, Torvegade 21, 1400 København, Danimarka","Noma Restoranı","4.9",5500,"55.6772° N, 12.5947° E",14,NULL
328,"Danimarka","Kopenhag'ın en romantik ve manzaralı restoranı","2 saat","Restoran","Kopenhag, Fisketorvet 1, 2450 København, Danimarka","Kopenhag Balık Pazarı Restoranı","4.8",5400,"55.6656° N, 12.5601° E",14,NULL
121,"Avusturya","Avrupa'nın en büyük ve en eski hayvanat bahçelerinden biri","3 saat","Hayvanat Bahçesi","Maxingstraße 13b, 1130 Wien, Avusturya","Schönbrunn Hayvanat Bahçesi","4.9",5500,"48.1825° N, 16.3014° E",7,NULL
122,"Avusturya","18. yüzyıldan kalma bir saray ve bahçe kompleksi","4 saat","Tarihî Yapı","Schönbrunner Schlossstraße 47, 1130 Wien, Avusturya","Schönbrunn Sarayı","4.8",5400,"48.1857° N, 16.3129° E",7,NULL
123,"Avusturya","Mozart ve Beethoven gibi ünlü bestecilerin eserlerini icra eden ünlü bir opera binası","2.5 saat","Opera Binası","Opernring 2, 1010 Wien, Avusturya","Viyana Devlet Operası","4.7",5300,"48.2032° N, 16.3686° E",7,NULL
124,"Avusturya","Ünlü bir müze ve sanat galerisi","3 saat","Müze","Maria-Theresien-Platz, 1010 Wien, Avusturya","Viyana Sanat Tarihi Müzesi","4.6",5200,"48.2057° N, 16.3615° E",7,NULL
125,"Avusturya","Habsburg hanedanının mezarlarına ev sahipliği yapan büyük bir mezarlık","2 saat","Tarihî Yapı","Simmeringer Hauptstraße 234, 1110 Wien, Avusturya","Zentralfriedhof","4.5",5100,"48.1511° N, 16.4400° E",7,NULL
126,"Avusturya","Eşsiz bir tarihî ve kültürel mekan","2 saat","Tarihî Yapı","Michaelerkuppel, 1010 Wien, Avusturya","Hofburg Sarayı","4.4",5000,"48.2054° N, 16.3649° E",7,NULL
127,"Avusturya","Avrupa'nın en büyük çocuk müzesi","3 saat","Müze","Museumsplatz 1, 1070 Wien, Avusturya","Viyana Çocuk Müzesi","4.3",4900,"48.2020° N, 16.3492° E",7,NULL
128,"Avusturya","Modern sanat eserlerini barındıran bir müze","2 saat","Müze","Museumsplatz 1, 1070 Wien, Avusturya","Leopold Müzesi","4.2",4800,"48.2020° N, 16.3492° E",7,NULL
129,"Avusturya","Avusturya'nın en büyük müzik enstrümanı müzesi","2.5 saat","Müze","Seilerstätte 30, 1010 Wien, Avusturya","Viyana Müzik Enstrümanları Müzesi","4.1",4700,"48.2041° N, 16.3739° E",7,NULL
130,"Avusturya","Habsburg hanedanının saraylar kompleksi","3 saat","Tarihî Yapı","Schönbrunner Schlossstraße 47, 1130 Wien, Avusturya","Schönbrunn Sarayı Bahçeleri","4",4600,"48.1865° N, 16.3127° E",7,NULL
131,"Avusturya","Yıl boyunca etkinliklere ev sahipliği yapan büyük bir meydan","2 saat","Tarihî Yapı","Stephansplatz 3, 1010 Wien, Avusturya","Stephansplatz Meydanı","4.9",4500,"48.2082° N, 16.3738° E",7,NULL
132,"Avusturya","Avusturya'nın en büyük alışveriş caddesi","3 saat","Alışveriş","Kärntner Straße, 1010 Wien, Avusturya","Kärntner Straße","4.8",4400,"48.2059° N, 16.3726° E",7,NULL
133,"Avusturya","Ünlü bir çikolata müzesi ve dükkanı","1.5 saat","Müze ve Mağaza","Herrengasse 6-8, 1010 Wien, Avusturya","Mozart Haus","4.7",4300,"48.2084° N, 16.3675° E",7,NULL
134,"Avusturya","Tarihi bir konser salonu","2 saat","Konser Salonu","Karlsplatz 28, 1040 Wien, Avusturya","Wiener Musikverein","4.6",4200,"48.2000° N, 16.3662° E",7,NULL
135,"Avusturya","Eşsiz bir botanik bahçesi ve seralar","2 saat","Botanik Bahçesi","Prinz-Eugen-Straße 27, 1030 Wien, Avusturya","Schönbrunn Botanik Bahçesi","4.5",4100,"48.1836° N, 16.3564° E",7,NULL
136,"Avusturya","Avusturya'nın en büyük teknoloji müzesi","3 saat","Müze","Mariahilfer Str. 212, 1140 Wien, Avusturya","Teknoloji Müzesi","4.4",4000,"48.1885° N, 16.3172° E",7,NULL
137,"Avusturya","Ünlü bir hayvanat bahçesi ve botanik bahçesi","2 saat","Hayvanat Bahçesi ve Botanik Bahçe","Maxingstraße 13b, 1130 Wien, Avusturya","Schönbrunn Palm House","4.3",3900,"48.1824° N, 16.3106° E",7,NULL
138,"Avusturya","Avusturya'nın en büyük ve en eski müzesi","3 saat","Müze","Maria-Theresien-Platz, 1010 Wien, Avusturya","Doğa Tarihi Müzesi","4.2",3800,"48.2058° N, 16.3615° E",7,NULL
139,"Avusturya","Ünlü bir opera binası ve konser salonu","2.5 saat","Opera Binası ve Konser Salonu","Opernring 2, 1010 Wien, Avusturya","Viyana Müzikverein","4.1",3700,"48.2032° N, 16.3686° E",7,NULL
140,"Avusturya","Avusturya'nın en büyük müzik enstrümanı müzesi","2.5 saat","Müze","Seilerstätte 30, 1010 Wien, Avusturya","Viyana Müzik Enstrümanları Müzesi","4",3600,"48.2041° N, 16.3739° E",7,NULL
61,"Hollanda","Ünlü müzede dünya çapında sanat eserlerini keşfedin","3 saat","Müze","Museumplein 6, 1071 DJ Amsterdam, Hollanda","Rijksmuseum","4.6",1800,"52.3599° N, 4.8852° E",5,NULL
62,"Hollanda","Dünyanın en ünlü lale bahçesi","2 saat","Park","Stadhouderskade 341, 1076 AZ Amsterdam, Hollanda","Keukenhof Bahçeleri","4.5",1700,"52.2709° N, 4.5479° E",5,NULL
63,"Hollanda","Amsterdam'ın kalbinde tarihi bir meydan","1 saat","Tarihi Yapı","Dam Square, 1012 JW Amsterdam, Hollanda","Dam Meydanı","4.4",1600,"52.3728° N, 4.8931° E",5,NULL
66,"Hollanda","Dünya çapında ünlü modern sanat galerisi","2 saat","Sanat Galerisi","Museumplein 10, 1071 DJ Amsterdam, Hollanda","Van Gogh Müzesi","4.1",1300,"52.3584° N, 4.8819° E",5,NULL
67,"Hollanda","Tarihî bir alanda yer alan ünlü bir pazar yeri","1.5 saat","Pazar Yeri","Nieuwmarkt, 1012 NH Amsterdam, Hollanda","Albert Cuyp Pazarı","4",1200,"52.3554° N, 4.8966° E",5,NULL
68,"Hollanda","Göz alıcı mimarisiyle tanınan modern bir yapı","1.5 saat","Mimari","Prins Hendrikkade 600, 1011 VX Amsterdam, Hollanda","Eye Film Müzesi","4.8",1100,"52.3843° N, 4.9037° E",5,NULL
69,"Hollanda","Tekne turuyla şehri keşfedin","2 saat","Tur","Stadhouderskade 550, 1072 AE Amsterdam, Hollanda","Kanal Turları","4.7",1000,"52.3603° N, 4.8778° E",5,NULL
70,"Hollanda","Dünyaca ünlü bir bira fabrikasını ziyaret edin","2 saat","Fabrika Turu","Stadhouderskade 78, 1072 AE Amsterdam, Hollanda","Heineken Experience","4.6",900,"52.3578° N, 4.8911° E",5,NULL
71,"Hollanda","Renkli ve canlı bir mahalle","2 saat","Mahalle","Jordaan, 1016 Amsterdam, Hollanda","Jordaan Mahallesi","4.5",800,"52.3759° N, 4.8818° E",5,NULL
72,"Hollanda","Dünyanın en büyük su altı yaşamı sergisi","2.5 saat","Akvaryum","De Ruijterkade 153, 1011 AC Amsterdam, Hollanda","Amsterdam Akvaryumu","4.4",700,"52.3766° N, 4.9056° E",5,NULL
73,"Hollanda","Eski bir çikolata fabrikasını ziyaret edin","2 saat","Fabrika Turu","Pazzanistraat 1, 1014 DB Amsterdam, Hollanda","Tony's Chocolonely Fabrikası","4.3",600,"52.4021° N, 4.8569° E",5,NULL
74,"Hollanda","Birçok türde çiçeği keşfedin","2 saat","Park","Kanaaldijk 8, 2165 Amsterdam, Hollanda","Amsterdam Çiçek Pazarı","4.2",500,"52.3633° N, 4.9002° E",5,NULL
75,"Hollanda","Amsterdam'ın en eski ve en ünlü müzik salonu","2 saat","Müzik Salonu","Concertgebouwplein 10, 1071 LN Amsterdam, Hollanda","Concertgebouw","4.1",400,"52.3560° N, 4.8798° E",5,NULL
76,"Hollanda","Eğlenceli ve interaktif bir müze deneyimi","2 saat","Müze","Prins Hendrikkade 25, 1012 TM Amsterdam, Hollanda","Madame Tussauds Amsterdam","4",300,"52.3741° N, 4.8970° E",5,NULL
77,"Hollanda","Hollanda sanatının önde gelen müzesi","2.5 saat","Müze","Paulus Potterstraat 13, 1071 CX Amsterdam, Hollanda","Van Gogh Müzesi","4.9",200,"52.3584° N, 4.8819° E",5,NULL
78,"Hollanda","Ünlü bir hayvanat bahçesini ziyaret edin","3 saat","Hayvanat Bahçesi","Plantage Kerklaan 38-40, 1018 CZ Amsterdam, Hollanda","Artis Hayvanat Bahçesi","4.8",100,"52.3661° N, 4.9122° E",5,NULL
79,"Hollanda","Modern sanat eserlerini keşfedin","2 saat","Sanat Galerisi","Oudezijds Voorburgwal 357, 1012 Amsterdam, Hollanda","Stedelijk Müze","4.7",50,"52.3581° N, 4.8792° E",5,NULL
80,"Hollanda","Amsterdam kanallarında bir tekne turu","2 saat","Tur","Amsterdam, Hollanda","Amsterdam Canal Cruise","4.6",25,"52.3676° N, 4.9036° E",5,NULL
81,"İspanya","Ünlü mimar Antoni Gaudí tarafından tasarlanmıştır","2 saat","Tarihi Yapı","Carrer de Mallorca, 401, 08013 Barcelona, İspanya","Sagrada Familia","4.7",2500,"41.4036° N, 2.1744° E",4,NULL
82,"İspanya","Dünyanın en ünlü meydanlarından biri","1 saat","Tarihi Yapı","Plaça de Catalunya, 08002 Barcelona, İspanya","Catalunya Meydanı","4.6",2400,"41.3870° N, 2.1695° E",4,NULL
83,"İspanya","Sürrealist bir park ve Gaudí eserleri","2 saat","Park","Carrer d'Olot, 5, 08024 Barcelona, İspanya","Park Güell","4.5",2300,"41.4145° N, 2.1520° E",4,NULL
84,"İspanya","Müthiş bir deniz manzarası ve sahil yolu","2 saat","Manzara Noktası","Passeig Marítim de la Barceloneta, 14, 08003 Barcelona, İspanya","Barceloneta Plajı","4.4",2200,"41.3785° N, 2.1926° E",4,NULL
85,"İspanya","Müthiş bir alışveriş ve yeme içme merkezi","3 saat","Alışveriş","Plaça de les Glòries Catalanes, 37, 08018 Barcelona, İspanya","Glòries Alışveriş Merkezi","4.3",2100,"41.4036° N, 2.1899° E",4,NULL
86,"İspanya","Antik Roma dönemine ait tarihî yapı","1.5 saat","Tarihi Yapı","Plaça dels Països Catalans, 1, 08014 Barcelona, İspanya","Sant Pau Hastanesi","4.2",2000,"41.4120° N, 2.1749° E",4,NULL
87,"İspanya","Ünlü bir futbol stadyumu ve müze","2 saat","Spor Stadyumu","C. d'Aristides Maillol, 12, 08028 Barcelona, İspanya","Camp Nou","4.1",1900,"41.3809° N, 2.1228° E",4,NULL
88,"İspanya","Renkli pazar ve sokak sanatıyla dolu bir mahalle","2 saat","Mahalle","Carrer de la Riera Baixa, 08001 Barcelona, İspanya","El Raval Mahallesi","4",1800,"41.3790° N, 2.1680° E",4,NULL
89,"İspanya","Müthiş bir manzaraya sahip tarihî bir kale","2 saat","Tarihi Yapı","Plaça dels Voluntaris, s/n, 08014 Barcelona, İspanya","Montjuïc Kalesi","4.8",1700,"41.3646° N, 2.1744° E",4,NULL
90,"İspanya","Kültürel etkinlikler ve konserler için ideal bir mekan","2 saat","Müzik Salonu","Carrer de Balmes, 48, 08007 Barcelona, İspanya","Palau de la Música Catalana","4.7",1600,"41.3876° N, 2.1750° E",4,NULL
91,"İspanya","Barcelona'nın tarihî bir semti","2 saat","Mahalle","El Gòtic, 08002 Barcelona, İspanya","Gothic Quarter","4.6",1500,"41.3835° N, 2.1762° E",4,NULL
92,"İspanya","Eğlenceli ve öğretici bir deneyim","2.5 saat","Müze","Plaça del Mar, 08003 Barcelona, İspanya","Barcelona Denizcilik Müzesi","4.5",1400,"41.3790° N, 2.1890° E",4,NULL
93,"İspanya","Efsanevi bir mimari eser","2 saat","Tarihi Yapı","Passeig de Gràcia, 43, 08007 Barcelona, İspanya","Casa Batlló","4.4",1300,"41.3916° N, 2.1649° E",4,NULL
94,"İspanya","Dünyaca ünlü bir opera binası","2 saat","Opera Binası","La Rambla, 51-59, 08002 Barcelona, İspanya","Gran Teatre del Liceu","4.3",1200,"41.3800° N, 2.1731° E",4,NULL
95,"İspanya","Modern sanatın harika bir koleksiyonu","2.5 saat","Sanat Galerisi","Plaça dels Àngels, 1, 08001 Barcelona, İspanya","MACBA (Barcelona Modern Sanat Müzesi)","4.2",1100,"41.3829° N, 2.1668° E",4,NULL
96,"İspanya","Büyük ve etkileyici bir kongre merkezi","2 saat","Kongre Merkezi","Plaça de Willy Brandt, 11-14, 08019 Barcelona, İspanya","Fira de Barcelona","4.1",1000,"41.3540° N, 2.1309° E",4,NULL
98,"İspanya","Yaratıcı sokak sanatıyla ünlü bir semt","2 saat","Mahalle","Carrer de Puigmartí, 08012 Barcelona, İspanya","El Poblenou Mahallesi","4.9",800,"41.4011° N, 2.2019° E",4,NULL
99,"İspanya","Eğlenceli ve etkileşimli bir bilim müzesi","2 saat","Müze","Plaça de Leonardo da Vinci, 4-5, 08019 Barcelona, İspanya","CosmoCaixa Barcelona","4.8",700,"41.4124° N, 2.1423° E",4,NULL
100,"İspanya","Doğal güzelliklerle çevrili bir kilise","1.5 saat","Tarihi Yapı","Plaça del Monestir, s/n, 08034 Barcelona, İspanya","Tibidabo Kilisesi","4.7",600,"41.4210° N, 2.1190° E",4,NULL
97,"İspanya","Geleneksel İspanyol mutfağı ve alışveriş","3 saat","Alışveriş","La Rambla, 91, 08001 Barcelona, İspanya","La Boqueria Pazarı","4",900,"41.3817° N, 2.1721° E",4,NULL
101,"Çek Cumhuriyeti","Gotik mimarinin en güzel örneklerinden biri","2 saat","Tarihi Yapı","Karlova 1, 110 00 Prag 1-Stare Mesto, Çek Cumhuriyeti","Aziz Vitus Katedrali","4.9",5500,"50.0900° N, 14.4006° E",6,NULL
102,"Çek Cumhuriyeti","Ünlü astronomik saat ve çeşitli dönemlere ait astronomik gözlemevleri","1.5 saat","Tarihî Yapı","Staroměstské nám. 1, 110 00 Josefov, Çek Cumhuriyeti","Prag Astronomik Saati","4.8",5400,"50.0870° N, 14.4200° E",6,NULL
103,"Çek Cumhuriyeti","Hemen hemen her döneme ait sanat eserlerinin sergilendiği büyük bir müze","3 saat","Müze","Dukelských hrdinů 47, 170 00 Praha 7-Holešovice, Çek Cumhuriyeti","Prag Ulusal Galerisi","4.7",5300,"50.0994° N, 14.4381° E",6,NULL
104,"Çek Cumhuriyeti","Rönesans dönemi yapılarıyla ünlü bir tarihî meydan","1.5 saat","Tarihî Yapı","Staroměstské náměstí, 110 00 Josefov, Çek Cumhuriyeti","Eski Şehir Meydanı","4.6",5200,"50.0865° N, 14.4201° E",6,NULL
105,"Çek Cumhuriyeti","Orta Çağ döneminden kalma bir köprü","1 saat","Tarihî Yapı","Karlův most, 110 00 Prag 1-Stare Mesto, Çek Cumhuriyeti","Karl Köprüsü","4.5",5100,"50.0861° N, 14.4115° E",6,NULL
106,"Çek Cumhuriyeti","Tarihi bir kule ve manzara noktası","1.5 saat","Manzara Noktası","Petřínské sady 633, 118 00 Praha 1, Çek Cumhuriyeti","Petřín Kulesi","4.4",5000,"50.0833° N, 14.4059° E",6,NULL
107,"Çek Cumhuriyeti","Kültürel etkinlikler ve mimarî yapısıyla ünlü bir meydan","2 saat","Tarihî Yapı","Náměstí Republiky 5, 110 00 Nové Město, Çek Cumhuriyeti","Václav Meydanı","4.3",4900,"50.0872° N, 14.4289° E",6,NULL
108,"Çek Cumhuriyeti","Eski bir kale ve müze kompleksi","2 saat","Tarihî Yapı","119 08 Praha 1-Hradčany, Çek Cumhuriyeti","Prag Kalesi","4.2",4800,"50.0901° N, 14.3996° E",6,NULL
109,"Çek Cumhuriyeti","Eski bir mahalle ve alışveriş bölgesi","2 saat","Mahalle","Josefov, 110 00 Prag 1, Çek Cumhuriyeti","Josefov","4.1",4700,"50.0901° N, 14.4185° E",6,NULL
110,"Çek Cumhuriyeti","Barok ve Rönesans mimarî tarzının en güzel örneklerinden biri","2 saat","Tarihî Yapı","Czech Republic, Valdštejnská 3, 118 00 Praha 1-Malá Strana, Çek Cumhuriyeti","Valdštejnská sarayı","4",4600,"50.0891° N, 14.4032° E",6,NULL
111,"Çek Cumhuriyeti","Çek kültürünü tanıyan bir müze","2.5 saat","Müze","Jiřské nám. 3, 119 00 Praha 1-Hradčany, Çek Cumhuriyeti","Kraliyet Sarayı (Národní Galerie)","4.9",4500,"50.0916° N, 14.4003° E",6,NULL
112,"Çek Cumhuriyeti","Ünlü bir Çek yazarının evi ve müzesi","2 saat","Müze","Karlova 2/35, 110 00 Praha 1-Staré Město, Çek Cumhuriyeti","Franz Kafka Müzesi","4.8",4400,"50.0871° N, 14.4146° E",6,NULL
113,"Çek Cumhuriyeti","Ortaçağ dönemine ait bir kırmızı kule","1.5 saat","Tarihî Yapı","Jungmannovo náměstí, 110 00 Praha 1, Çek Cumhuriyeti","Altan Kulesi","4.7",4300,"50.0803° N, 14.4201° E",6,NULL
114,"Çek Cumhuriyeti","Tarihi bir kilise ve manzara noktası","1 saat","Manzara Noktası","Vítkov, U Památníku 1900, 130 00 Praha 3-Žižkov, Çek Cumhuriyeti","Žižkov Televizyon Kulesi","4.6",4200,"50.0875° N, 14.4409° E",6,NULL
115,"Çek Cumhuriyeti","Efsanevi bir müzik salonu ve konser mekanı","2 saat","Müzik Salonu","Železná 16, 110 00 Staré Město, Çek Cumhuriyeti","Prag Estates Tiyatrosu","4.5",4100,"50.0907° N, 14.4199° E",6,NULL
116,"Çek Cumhuriyeti","Orta Çağ dönemine ait eski bir saat kulesi","1.5 saat","Tarihî Yapı","Staroměstské nám. 1, 110 00 Josefov, Çek Cumhuriyeti","Staroměstská saat kulesi","4.4",4000,"50.0871° N, 14.4202° E",6,NULL
117,"Çek Cumhuriyeti","Yerel pazar ve sokak yemekleri için ideal bir yer","2 saat","Alışveriş ve Yeme İçme","Náplavka, 128 00 Praha 2, Çek Cumhuriyeti","Náplavka Pazarı","4.3",3900,"50.0749° N, 14.4121° E",6,NULL
118,"Çek Cumhuriyeti","Orta Çağ dönemine ait tarihi bir meydan","2 saat","Tarihî Yapı","Náměstí Míru 14, 120 00 Praha 2-Vinohrady, Çek Cumhuriyeti","Náměstí Míru Meydanı","4.2",3800,"50.0753° N, 14.4406° E",6,NULL
119,"Çek Cumhuriyeti","Tarihi bir ev ve müze kompleksi","2 saat","Müze","Ke Karlovu 1, 120 00 Nové Město, Çek Cumhuriyeti","Dancing House","4.1",3700,"50.0754° N, 14.4185° E",6,NULL
120,"Çek Cumhuriyeti","Efsanevi bir müzik festivali","3 saat","Etkinlik","Prag 5, 150 00 Praha 5, Çek Cumhuriyeti","Prag Bahar Festivali","4",3600,"50.0686° N, 14.3730° E",6,NULL
329,"Danimarka","Kopenhag'ın en eğlenceli ve canlı restoranı","2 saat","Restoran","Kopenhag, Nyhavn 17, 1051 København K, Danimarka","Gün Batımı Restoranı","4.7",5300,"55.6778° N, 12.5920° E",14,NULL
141,"Almanya","Tarihi bir kapalı pazar ve alışveriş merkezi","2 saat","Alışveriş ve Kültürel Merkez","Breitscheidplatz, 10789 Berlin, Almanya","Kaiser Wilhelm Memorial Kilisesi","4.9",5500,"52.5054° N, 13.3325° E",8,NULL
142,"Almanya","Berlin Duvarı'nın en ünlü parçalarından biri","1 saat","Tarihî Yapı","Bernauer Str. 111, 13355 Berlin, Almanya","Berlin Duvarı Anıtı","4.8",5400,"52.5355° N, 13.3981° E",8,NULL
143,"Almanya","Dünyanın en büyük teknoloji müzesi","4 saat","Müze","Trebbiner Str. 9, 10963 Berlin, Almanya","Deutsches Technikmuseum Berlin","4.7",5300,"52.4985° N, 13.3777° E",8,NULL
144,"Almanya","Berlin'in sembolik meydanı","2 saat","Tarihî Yapı","Pariser Platz, 10117 Berlin, Almanya","Brandenburg Kapısı","4.6",5200,"52.5163° N, 13.3777° E",8,NULL
145,"Almanya","19. yüzyılda yapılmış bir katedral","2 saat","Tarihî Yapı","Am Lustgarten, 10178 Berlin, Almanya","Berlin Katedrali","4.5",5100,"52.5186° N, 13.4016° E",8,NULL
146,"Almanya","Berlin'in en ünlü müzesi","3 saat","Müze","Bodestraße 1-3, 10178 Berlin, Almanya","Altes Müzesi","4.4",5000,"52.5194° N, 13.3985° E",8,NULL
147,"Almanya","Dünyanın en büyük hayvanat bahçelerinden biri","4 saat","Hayvanat Bahçesi","Hardenbergplatz 8, 10787 Berlin, Almanya","Berlin Hayvanat Bahçesi","4.3",4900,"52.5060° N, 13.3325° E",8,NULL
148,"Almanya","Berlin'in sembolik anıtı","1.5 saat","Tarihî Yapı","Straße des 17. Juni, 10557 Berlin, Almanya","Sovyet Savaş Anıtı","4.2",4800,"52.5145° N, 13.3505° E",8,NULL
149,"Almanya","Ünlü bir müzik ve performans mekânı","3 saat","Konser Salonu","Herbert-von-Karajan-Straße 1, 10785 Berlin, Almanya","Berlin Filarmoni","4.1",4700,"52.5096° N, 13.3686° E",8,NULL
150,"Almanya","Berlin'in en büyük alışveriş caddesi","3 saat","Alışveriş","Tauentzienstraße 21-24, 10789 Berlin, Almanya","Kurfürstendamm","4",4600,"52.5031° N, 13.3357° E",8,NULL
151,"Almanya","Berlin'in en ünlü alışveriş merkezi","4 saat","Alışveriş Merkezi","Budapester Str. 38-50, 10787 Berlin, Almanya","KaDeWe","4",5500,"52.5030° N, 13.3354° E",8,NULL
152,"Almanya","Berlin'in en ünlü alışveriş caddelerinden biri","2 saat","Alışveriş","Friedrichstraße 71, 10117 Berlin, Almanya","Friedrichstraße","4",5400,"52.5145° N, 13.3924° E",8,NULL
153,"Almanya","Berlin'in modern sanat galerisi","2 saat","Galeri","Niederkirchnerstraße 7, 10963 Berlin, Almanya","Berlinische Galerie","4",5300,"52.5040° N, 13.3927° E",8,NULL
154,"Almanya","Berlin'in simgesi olan antik katedral","2 saat","Tarihî Yapı","Karl-Liebknecht-Straße 29, 10178 Berlin, Almanya","Berliner Dom","4",5200,"52.5189° N, 13.4005° E",8,NULL
155,"Almanya","Birinci Dünya Savaşı ve Holokost anıtları","2.5 saat","Tarihî Yapı","Cora-Berliner-Straße 1, 10117 Berlin, Almanya","Yahudi Anıtı","4",5100,"52.5163° N, 13.3777° E",8,NULL
156,"Almanya","Ünlü bir bilim ve teknoloji müzesi","3 saat","Müze","Am Potsdamer Platz 1, 10785 Berlin, Almanya","Mercedes-Benz Müzesi","4",5000,"52.5097° N, 13.3711° E",8,NULL
157,"Almanya","Dünyanın en ünlü fotoğraf müzesi","2 saat","Müze","Jebensstraße 2, 10623 Berlin, Almanya","C/O Berlin","4",4900,"52.5094° N, 13.3367° E",8,NULL
158,"Almanya","Berlin'in sembolik gökdeleni","2 saat","Tarihî Yapı","Potsdamer Platz 1, 10785 Berlin, Almanya","Sony Center","4",4800,"52.5081° N, 13.3732° E",8,NULL
159,"Almanya","Berlin'in simgesi olan devasa park","4 saat","Park","Straße des 17. Juni, 10785 Berlin, Almanya","Tiergarten","4",4700,"52.5145° N, 13.3505° E",8,NULL
160,"Almanya","Berlin'in en popüler alışveriş sokaklarından biri","2 saat","Alışveriş","Friedrichstraße 71, 10117 Berlin, Almanya","Friedrichstraße","4",4600,"52.5145° N, 13.3924° E",8,NULL
161,"Macaristan","Dünyanın en büyük termal sularından biri","4 saat","Termal Spa","Budapest, Döbrentei tér 9, 1013 Macaristan","Gellért Termal Hamamları","4.8",5400,"47.4843° N, 19.0504° E",9,NULL
162,"Macaristan","Macaristan'ın en büyük sinagogu","2 saat","Dini Yapı","Dohány u. 2, 1074 Budapeşte, Macaristan","Dohány Sokağı Sinagogu","4.7",5300,"47.4963° N, 19.0628° E",9,NULL
163,"Macaristan","Macaristan'ın en ünlü cadde ve alışveriş bölgesi","3 saat","Alışveriş ve Yürüyüş","Budapeşte, Váci St, Macaristan","Váci Caddesi","4.6",5200,"47.4945° N, 19.0530° E",9,NULL
164,"Macaristan","Budapeşte'nin sembolik ve tarihi meydanı","2 saat","Tarihî Meydan","Budapeşte, 1051 Macaristan","Hősök tere","4.5",5100,"47.5149° N, 19.0771° E",9,NULL
165,"Macaristan","Macaristan'ın en ünlü parlamento binası","3 saat","Tarihî Yapı","Budapeşte, Kossuth Lajos tér 1-3, 1055 Macaristan","Macaristan Parlamento Binası","4.4",5000,"47.5069° N, 19.0452° E",9,NULL
166,"Macaristan","Budapeşte'nin en büyük parkı ve rekreasyon alanı","4 saat","Park ve Bahçe","Budapeşte, Zugligeti yolu 95, 1141 Macaristan","Margit Adası","4.3",4900,"47.5318° N, 19.0494° E",9,NULL
167,"Macaristan","Macaristan'ın en ünlü opera binası","2 saat","Opera ve Bale","Budapeşte, Andrássy út 22, 1061 Macaristan","Macar Devlet Operası","4.2",4800,"47.5033° N, 19.0606° E",9,NULL
168,"Macaristan","Budapeşte'nin sembolik ve tarihi kilisesi","2 saat","Dini Yapı","Budapeşte, 1056 Macaristan","St. Stephen's Bazilikası","4.1",4700,"47.5008° N, 19.0534° E",9,NULL
169,"Macaristan","Budapeşte'nin tarihi ve kültürel sembolü","2 saat","Tarihî Yapı","Budapeşte, 1014 Macaristan","Fisherman's Bastion","4",4600,"47.5020° N, 19.0346° E",9,NULL
170,"Macaristan","Budapeşte'nin en büyük ve eski alışveriş merkezi","3 saat","Alışveriş Merkezi","Budapeşte, Váci St 1-3, 1052 Macaristan","Budapest Alışveriş Merkezi","4",4500,"47.4946° N, 19.0529° E",9,NULL
171,"Macaristan","Budapeşte'nin en eski ve büyük tarihi kilisesi","2 saat","Dini Yapı","Budapeşte, Szent István tér 1, 1051 Macaristan","St. Stephen's Basilica","4",4400,"47.5008° N, 19.0534° E",9,NULL
172,"Macaristan","Budapeşte'nin en ünlü müzesi","3 saat","Müze","Budapeşte, Dózsa György út 41, 1146 Macaristan","Macaristan Milli Galerisi","4",4300,"47.5183° N, 19.0834° E",9,NULL
173,"Macaristan","Budapeşte'nin sembolik anıtı","2 saat","Tarihî Yapı","Budapeşte, Hősök tere, 1146 Macaristan","Millennium Anıtı","4",4200,"47.5149° N, 19.0771° E",9,NULL
174,"Macaristan","Macaristan'ın en büyük hayvanat bahçesi","4 saat","Hayvanat Bahçesi","Budapeşte, Állatkerti krt. 6-12, 1146 Macaristan","Budapeşte Hayvanat Bahçesi","4",4100,"47.5177° N, 19.0804° E",9,NULL
175,"Macaristan","Budapeşte'nin en ünlü şehir parkı","3 saat","Park","Budapeşte, Olof Palme stny., 1146 Macaristan","Városliget Parkı","4",4000,"47.5142° N, 19.0830° E",9,NULL
176,"Macaristan","Budapeşte'nin sembolik anıtı","1.5 saat","Tarihî Yapı","Budapeşte, 1014 Macaristan","Budapeşte Zincir Köprüsü","4",3900,"47.4979° N, 19.0454° E",9,NULL
177,"Macaristan","Budapeşte'nin tarihi ve ünlü tramvay hattı","2 saat","Ulaşım","Budapeşte, Budapeşte, Macaristan","Tramvay No: 2","4",3800,"47.5000° N, 19.0500° E",9,NULL
178,"Macaristan","Budapeşte'nin en ünlü bira fabrikası","2 saat","Fabrika Turu","Budapeşte, Budapeşte, Macaristan","Dreher Bira Fabrikası","4",3700,"47.5000° N, 19.0500° E",9,NULL
179,"Macaristan","Budapeşte'nin ünlü gece kulübü ve canlı müzik mekânı","5 saat","Eğlence","Budapeşte, Akácfa u. 51, 1073 Macaristan","Szimpla Kert","4",3600,"47.4964° N, 19.0602° E",9,NULL
180,"Macaristan","Budapeşte'nin en ünlü anıt meydanı","2 saat","Tarihî Meydan","Budapeşte, 1051 Macaristan","Szent István Tér","4",3500,"47.5000° N, 19.0500° E",9,NULL
181,"İrlanda","Dublin'in sembolik kale ve tarihi bölgesi","3 saat","Tarihî Yapı","Dublin, Dame St, Dublin 2, İrlanda","Dublin Kalesi","4.9",5500,"53.3429° N, 6.2674° W",10,NULL
182,"İrlanda","İrlanda'nın en ünlü müzesi","3 saat","Müze","Dublin, Merrion Street Upper, Dublin 2, İrlanda","Ulusal Müze","4.8",5400,"53.3405° N, 6.2529° W",10,NULL
183,"İrlanda","Dublin'in en ünlü meydanı ve alışveriş bölgesi","3 saat","Tarihî Meydan","Dublin, Grafton St, Dublin, İrlanda","Grafton Street","4.7",5300,"53.3408° N, 6.2603° W",10,NULL
184,"İrlanda","Dublin'in en ünlü katedrali ve tarihi yapıları","2 saat","Tarihî Yapı","Dublin, Christchurch Pl, Wood Quay, Dublin 8, İrlanda","Christ Church Katedrali","4.6",5200,"53.3434° N, 6.2710° W",10,NULL
185,"İrlanda","Dublin'in simgesi olan köprü","1 saat","Tarihî Yapı","Dublin, Bachelors Walk, North City, İrlanda","Halfpenny Köprüsü","4.5",5100,"53.3487° N, 6.2635° W",10,NULL
186,"İrlanda","Dublin'in en ünlü yeşil alanı ve parkı","3 saat","Park","Dublin, Phoenix Park, İrlanda","Phoenix Parkı","4.4",5000,"53.3550° N, 6.3290° W",10,NULL
187,"İrlanda","Dublin'in en büyük ve eski meydanı","2 saat","Tarihî Meydan","Dublin, Dame St, Dublin 2, İrlanda","Dame Meydanı","4.3",4900,"53.3433° N, 6.2656° W",10,NULL
188,"İrlanda","Dublin'in en ünlü alışveriş merkezi ve bölgesi","4 saat","Alışveriş Merkezi","Dublin, Henry St, İrlanda","Henry Street","4.2",4800,"53.3507° N, 6.2613° W",10,NULL
189,"İrlanda","Dublin'in en ünlü barları ve canlı müzik mekânları","4 saat","Eğlence","Dublin, Temple Bar, İrlanda","Temple Bar","4.1",4700,"53.3455° N, 6.2644° W",10,NULL
190,"İrlanda","Dublin'in en ünlü üniversite kampüsü","3 saat","Üniversite","Dublin, College Green, Dublin, İrlanda","Trinity College","4",4600,"53.3439° N, 6.2543° W",10,NULL
191,"İrlanda","Dublin'in en ünlü müzesi ve sanat galerisi","3 saat","Müze","Dublin, Merrion Square W, Dublin 2, İrlanda","Ulusal Galeri","4",4500,"53.3409° N, 6.2523° W",10,NULL
192,"İrlanda","Dublin'in en ünlü kulesi ve manzarası","2 saat","Manzara","Dublin, D'Olier St, Dublin, İrlanda","Liberty Hall","4",4400,"53.3477° N, 6.2564° W",10,NULL
193,"İrlanda","Dublin'in en ünlü otobüs turu","3 saat","Tur","Dublin, O'Connell Street Upper, İrlanda","Dublin Sightseeing","4",4300,"53.3502° N, 6.2604° W",10,NULL
194,"İrlanda","Dublin'in en ünlü opera binası","2 saat","Opera ve Bale","Dublin, Harcourt St, Saint Kevin's, İrlanda","Dublin Grand Opera House","4",4200,"53.3325° N, 6.2635° W",10,NULL
195,"İrlanda","Dublin'in en ünlü sahil şeridi ve yürüyüş yolu","3 saat","Yürüyüş Yolu","Dublin, Strand Rd, Sandymount, İrlanda","Sandymount Sahili","4",4100,"53.3352° N, 6.2048° W",10,NULL
196,"İrlanda","Dublin'in en ünlü gölü ve doğal parkı","3 saat","Park ve Doğa","Dublin, Herbert Park, İrlanda","Herbert Parkı","4",4000,"53.3269° N, 6.2309° W",10,NULL
197,"İrlanda","Dublin'in en ünlü alışveriş merkezi ve bölgesi","4 saat","Alışveriş Merkezi","Dublin, O'Connell St Upper, Dublin, İrlanda","Ilac Alışveriş Merkezi","4",3900,"53.3498° N, 6.2609° W",10,NULL
198,"İrlanda","Dublin'in en ünlü canlı müzik mekânı","3 saat","Eğlence","Dublin, Smithfield Square, Dublin 7, İrlanda","The Cobblestone","4",3800,"53.3480° N, 6.2775° W",10,NULL
199,"İrlanda","Dublin'in en ünlü hayvanat bahçesi","3 saat","Hayvanat Bahçesi","Dublin, Phoenix Park, Dublin 8, İrlanda","Dublin Hayvanat Bahçesi","4",3700,"53.3555° N, 6.3194° W",10,NULL
200,"İrlanda","Dublin'in en ünlü doğal manzarası","2 saat","Manzara","Dublin, Howth, Dublin, İrlanda","Howth Kafa","4",3600,"53.3854° N, 6.0644° W",10,NULL
201,"Polonya","Krakow'un sembolik tarihi bölgesi","3 saat","Tarihî Yapı","Kraków, Rynek Główny, Polonya","Rynek Główny","4.9",5500,"50.0614° N, 19.9370° E",11,NULL
202,"Polonya","Krakow'un en ünlü katedrali","2 saat","Tarihî Yapı","Kraków, Wawel 5, 31-001 Kraków, Polonya","Wawel Katedrali","4.8",5400,"50.0540° N, 19.9355° E",11,NULL
203,"Polonya","Krakow'un en ünlü müzesi","3 saat","Müze","Kraków, oddział MOK w Sukiennicach, Rynek Główny 1-3, 33-332 Kraków, Polonya","Ulusal Müze, Krakow","4.7",5300,"50.0619° N, 19.9373° E",11,NULL
204,"Polonya","Krakow'un en ünlü kale ve tarihi bölgesi","4 saat","Tarihî Yapı","Kraków, Wawel 5, 31-001 Kraków, Polonya","Wawel Kalesi","4.6",5200,"50.0547° N, 19.9355° E",11,NULL
205,"Polonya","Krakow'un en ünlü alışveriş bölgesi","3 saat","Alışveriş Bölgesi","Kraków, Pijarska 17, 31-015 Kraków, Polonya","Krakow Alışveriş Merkezi","4.5",5100,"50.0635° N, 19.9371° E",11,NULL
206,"Polonya","Krakow'un en ünlü kulesi ve manzarası","2 saat","Manzara","Kraków, Świętego Gertrudy 26, 31-046 Kraków, Polonya","Mariacki Kilisesi","4.4",5000,"50.0613° N, 19.9393° E",11,NULL
207,"Polonya","Krakow'un en ünlü parkı ve yeşil alanı","3 saat","Park","Kraków, ul. Konopnickiej 28, 30-302 Kraków, Polonya","Jordan Parkı","4.3",4900,"50.0617° N, 19.9247° E",11,NULL
208,"Polonya","Krakow'un en ünlü gölü ve çevresi","2 saat","Doğa ve Rekreasyon","Kraków, Kryspinów, 32-060 Krzyszkowice, Polonya","Kryspinów Gölü","4.2",4800,"50.0362° N, 19.8336° E",11,NULL
209,"Polonya","Krakow'un en ünlü sinagogu ve Yahudi bölgesi","3 saat","Dini Yapı","Kraków, ul. Szeroka 24, 31-053 Kraków, Polonya","Kazimierz Mahallesi","4.1",4700,"50.0486° N, 19.9492° E",11,NULL
210,"Polonya","Krakow'un en ünlü anıtı ve anıt meydanı","2 saat","Tarihî Anıt","Kraków, 31-011 Kraków, Polonya","Anıt Meydanı","4",4600,"50.0680° N, 19.9253° E",11,NULL
211,"Polonya","Krakow'un en ünlü çeşmesi ve heykeli","1 saat","Tarihî Çeşme","Kraków, Rynek Główny, Polonya","Sukiennice Meydan Çeşmesi","4",4500,"50.0613° N, 19.9372° E",11,NULL
212,"Polonya","Krakow'un en ünlü otobüs turu","3 saat","Tur","Kraków, 30-142 Kraków, Polonya","Krakow Sightseeing","4",4400,"50.0647° N, 19.9445° E",11,NULL
213,"Polonya","Krakow'un en ünlü dini yapıları ve kiliseleri","2 saat","Dini Yapı","Kraków, ul. Podzamcze 9, 30-002 Kraków, Polonya","St. Mary's Kilisesi","4",4300,"50.0611° N, 19.9374° E",11,NULL
214,"Polonya","Krakow'un en ünlü alışveriş merkezi ve bölgesi","4 saat","Alışveriş Merkezi","Kraków, Aleja Pokoju 67, 31-571 Kraków, Polonya","Galeria Krakowska","4",4200,"50.0869° N, 19.9873° E",11,NULL
215,"Polonya","Krakow'un en ünlü eğlence mekânları","4 saat","Eğlence","Kraków, Rynek Główny 46, 31-042 Kraków, Polonya","Pod Wawelem Pub","4",4100,"50.0613° N, 19.9374° E",11,NULL
216,"Polonya","Krakow'un en ünlü restoranları ve yemek mekânları","3 saat","Restoran","Kraków, Pijarska 17, 31-015 Kraków, Polonya","Wierzynek Restoranı","4",4000,"50.0623° N, 19.9372° E",11,NULL
217,"Polonya","Krakow'un en ünlü sahil şeridi ve yürüyüş yolu","3 saat","Yürüyüş Yolu","Kraków, 33-332 Kraków, Polonya","Bulwar Wiślany","4",3900,"50.0625° N, 19.9444° E",11,NULL
218,"Polonya","Krakow'un en ünlü tarihi kuleleri","2 saat","Tarihî Kule","Kraków, Sukiennice 1-3, 31-001 Kraków, Polonya","Sukiennice Kulesi","4",3800,"50.0619° N, 19.9373° E",11,NULL
219,"Polonya","Krakow'un en ünlü sergi ve etkinlik alanı","3 saat","Etkinlik Alanı","Kraków, M. Konopnickiej 28, 30-302 Kraków, Polonya","Galeria Sztuki Współczesnej Bunkier Sztuki","4",3700,"50.0618° N, 19.9248° E",11,NULL
220,"Polonya","Krakow'un en ünlü doğal parkı ve yeşil alanı","3 saat","Park","Kraków, 30-509 Kraków, Polonya","Las Wolski","4",3600,"50.0611° N, 19.8786° E",11,NULL
30,"İtalya","Klasik ve modern sanatın harmanlandığı galeri","2 saat","Sanat Galerisi","Via della Lungara, 19, 00165 Roma RM, İtalya","Galleria Nazionale d'Arte Moderna","4.8",400,"41.9187° N, 12.4661° E",2,NULL
221,"Rusya","St. Petersburg'un sembolik tarihi bölgesi","3 saat","Tarihî Yapı","St. Petersburg, Palace Square, Rusya","Palace Meydanı","4.9",5500,"59.9398° N, 30.3146° E",21,NULL
222,"Rusya","St. Petersburg'un en ünlü sarayı ve müzesi","4 saat","Müze","St. Petersburg, Dvortsovaya Square, Rusya","Hermitage Müzesi","4.8",5400,"59.9406° N, 30.3135° E",21,NULL
223,"Rusya","St. Petersburg'un en ünlü kilisesi ve mimari yapıları","2 saat","Tarihî Yapı","St. Petersburg, St Isaac's Square, Rusya","St. Isaac Katedrali","4.7",5300,"59.9343° N, 30.3065° E",21,NULL
224,"Rusya","St. Petersburg'un en ünlü köprüsü ve manzarası","1 saat","Manzara","St. Petersburg, Dvortsovaya Embankment, Rusya","Palace Köprüsü","4.6",5200,"59.9393° N, 30.3144° E",21,NULL
225,"Rusya","St. Petersburg'un en ünlü alışveriş bölgesi","3 saat","Alışveriş Bölgesi","St. Petersburg, Nevsky Prospekt, Rusya","Nevsky Prospekt","4.5",5100,"59.9343° N, 30.3344° E",21,NULL
226,"Rusya","St. Petersburg'un en ünlü parkı ve yeşil alanı","3 saat","Park","St. Petersburg, Aleksandrovskiy Park, Rusya","Aleksandrovskiy Bahçesi","4.4",5000,"59.9391° N, 30.3144° E",21,NULL
227,"Rusya","St. Petersburg'un en ünlü tiyatrosu ve sahnesi","3 saat","Tiyatro","St. Petersburg, Teatralnaya Square, Rusya","Mariinsky Tiyatrosu","4.3",4900,"59.9250° N, 30.2960° E",21,NULL
228,"Rusya","St. Petersburg'un en ünlü metro istasyonu ve mimarisi","1 saat","Tarihî Yapı","St. Petersburg, Avtovo Metro İstasyonu, Rusya","Avtovo Metro İstasyonu","4.2",4800,"59.8679° N, 30.2618° E",21,NULL
229,"Rusya","St. Petersburg'un en ünlü anıtı ve anıt meydanı","2 saat","Tarihî Anıt","St. Petersburg, Vosstaniya Square, Rusya","Anıt Meydanı","4.1",4700,"59.9310° N, 30.3606° E",21,NULL
230,"Rusya","St. Petersburg'un en ünlü sarayı ve bahçesi","3 saat","Tarihî Yapı","St. Petersburg, Dvortsovaya Naberezhnaya, Rusya","Summer Sarayı","4",4600,"59.9393° N, 30.3158° E",21,NULL
231,"Rusya","St. Petersburg'un en ünlü anıtı ve meydanı","2 saat","Tarihî Anıt","St. Petersburg, Isaakievskaya Square, Rusya","İsaakievskaya Meydanı","4",4500,"59.9315° N, 30.3056° E",21,NULL
232,"Rusya","St. Petersburg'un en ünlü çeşmesi ve heykeli","1 saat","Tarihî Çeşme","St. Petersburg, Dvortsovaya Square, Rusya","Grand Peterhof Çeşmesi","4",4400,"59.9399° N, 30.3156° E",21,NULL
233,"Rusya","St. Petersburg'un en ünlü opera binası","2 saat","Opera ve Bale","St. Petersburg, Theatre Square, Rusya","Mariinsky Tiyatrosu","4",4300,"59.9250° N, 30.2960° E",21,NULL
234,"Rusya","St. Petersburg'un en ünlü sergi ve etkinlik alanı","3 saat","Etkinlik Alanı","St. Petersburg, Yekateringof Square, Rusya","Lenexpo Sergi Merkezi","4",4200,"59.9130° N, 30.2572° E",21,NULL
235,"Rusya","St. Petersburg'un en ünlü plajı ve sahil şeridi","3 saat","Plaj","St. Petersburg, Petrogradskaya Naberezhnaya, Rusya","Petrogradskaya Plajı","4",4100,"59.9537° N, 30.2985° E",21,NULL
236,"Rusya","St. Petersburg'un en ünlü sineması ve film gösterimi","2 saat","Sinema","St. Petersburg, Nevsky Prospekt, Rusya","Aurora Sineması","4",4000,"59.9286° N, 30.3508° E",21,NULL
237,"Rusya","St. Petersburg'un en ünlü eğlence mekânları","4 saat","Eğlence","St. Petersburg, Ligovsky Prospekt, Rusya","Metro Club","4",3900,"59.9293° N, 30.3601° E",21,NULL
238,"Rusya","St. Petersburg'un en ünlü restoranları ve yemek mekânları","3 saat","Restoran","St. Petersburg, Nevsky Prospekt, Rusya","Palkin Restoran","4",3800,"59.9322° N, 30.3327° E",21,NULL
239,"Rusya","St. Petersburg'un en ünlü barları ve gece hayatı","4 saat","Bar","St. Petersburg, Marata Street, Rusya","StereoPub","4",3700,"59.9298° N, 30.3485° E",21,NULL
240,"Rusya","St. Petersburg'un en ünlü gece kulübü ve canlı müzik mekânı","4 saat","Gece Kulübü","St. Petersburg, Dumskaya Street, Rusya","Money Honey Gece Kulübü","4",3600,"59.9320° N, 30.3593° E",21,NULL
330,"Danimarka","Kopenhag'ın en şık ve zarif restoranı","2 saat","Restoran","Kopenhag, Sankt Peders Stræde 41, 1453 København, Danimarka","Kopenhag Sofra Restoranı","4.6",5200,"55.6811° N, 12.5752° E",14,NULL
331,"Danimarka","Kopenhag'ın en geleneksel ve lezzetli restoranı","2 saat","Restoran","Kopenhag, Rådhuspladsen 57, 1550 København V, Danimarka","Café Victor Restoranı","4.5",5100,"55.6749° N, 12.5668° E",14,NULL
241,"Portekiz","Lizbon'un sembolik tarihi bölgesi","3 saat","Tarihî Yapı","Lizbon, R. de Belém, 1300-085 Lisboa, Portekiz","Belém Kulesi","4.9",5500,"38.6916° N, 9.2159° W",12,NULL
242,"Portekiz","Lizbon'un en ünlü müzesi ve galerisi","4 saat","Müze","Lizbon, Praça do Império, 1400-206 Lisboa, Portekiz","Jerónimos Manastırı","4.8",5400,"38.6976° N, 9.2066° W",12,NULL
243,"Portekiz","Lizbon'un en ünlü kale ve manzarası","2 saat","Tarihî Yapı","Lizbon, Estrada da Guiné, 1400-038 Lisboa, Portekiz","St. George Kalesi","4.7",5300,"38.7138° N, 9.1331° W",12,NULL
244,"Portekiz","Lizbon'un en ünlü tramvay yolu ve nostaljik ulaşım","1 saat","Nostaljik Ulaşım","Lizbon, R. de Santa Maria, 1100-200 Lisboa, Portekiz","Lizbon Tramvayları","4.6",5200,"38.7104° N, 9.1263° W",12,NULL
245,"Portekiz","Lizbon'un en ünlü manzarası ve görülecek nokta","2 saat","Manzara","Lizbon, Rua de Santa Justa, 1100-486 Lisboa, Portekiz","Santa Justa Asansörü","4.5",5100,"38.7120° N, 9.1394° W",12,NULL
246,"Portekiz","Lizbon'un en ünlü alışveriş bölgesi","3 saat","Alışveriş Bölgesi","Lizbon, Av. da Liberdade, 1250-096 Lisboa, Portekiz","Liberdade Caddesi","4.4",5000,"38.7163° N, 9.1449° W",12,NULL
247,"Portekiz","Lizbon'un en ünlü parkı ve yeşil alanı","3 saat","Park","Lizbon, Calçada da Ajuda, 1349-021 Lisboa, Portekiz","Lizbon Botanik Bahçesi","4.3",4900,"38.7511° N, 9.1774° W",12,NULL
248,"Portekiz","Lizbon'un en ünlü sahil şeridi ve yürüyüş yolu","3 saat","Yürüyüş Yolu","Lizbon, Av. Brasília, 1400-038 Lisboa, Portekiz","Belem Sahili","4.2",4800,"38.6979° N, 9.2130° W",12,NULL
249,"Portekiz","Lizbon'un en ünlü balık pazarı ve taze deniz ürünleri","2 saat","Pazar","Lizbon, R. Nova do Carvalho 32, 1200-161 Lisboa, Portekiz","Mercado da Ribeira","4.1",4700,"38.7062° N, 9.1463° W",12,NULL
250,"Portekiz","Lizbon'un en ünlü tarihi tramvay durağı","1 saat","Nostaljik Ulaşım","Lizbon, Praça do Comércio, 1100-148 Lisboa, Portekiz","Comércio Meydanı Tramvay Durağı","4",4600,"38.7076° N, 9.1362° W",12,NULL
251,"Portekiz","Lizbon'un en ünlü mahallesi ve sokakları","3 saat","Mahalle","Lizbon, Alfama, 1100-000 Lisboa, Portekiz","Alfama Mahallesi","4",4500,"38.7123° N, 9.1298° W",12,NULL
252,"Portekiz","Lizbon'un en ünlü kilisesi ve manzarası","2 saat","Tarihî Yapı","Lizbon, Largo de São Vicente, 1100-572 Lisboa, Portekiz","São Vicente de Fora Kilisesi","4",4400,"38.7173° N, 9.1193° W",12,NULL
253,"Portekiz","Lizbon'un en ünlü sergi ve etkinlik alanı","3 saat","Etkinlik Alanı","Lizbon, Av. Dom João II, 1990-077 Lisboa, Portekiz","Altice Arena","4",4300,"38.7695° N, 9.0974° W",12,NULL
254,"Portekiz","Lizbon'un en ünlü heykeli ve meydanı","2 saat","Heykel","Lizbon, R. do Arsenal, 1100-038 Lisboa, Portekiz","King Dom Pedro IV Heykeli","4",4200,"38.7135° N, 9.1384° W",12,NULL
255,"Portekiz","Lizbon'un en ünlü panoramik turu ve gezinti yolu","3 saat","Panoramik Tur","Lizbon, Parque Eduardo VII, 1070-051 Lisboa, Portekiz","Eduardo VII Parkı","4",4100,"38.7279° N, 9.1532° W",12,NULL
256,"Portekiz","Lizbon'un en ünlü çarşısı ve alışveriş merkezi","3 saat","Alışveriş Merkezi","Lizbon, Av. Óscar Monteiro Torres, 1000-218 Lisboa, Portekiz","Amoreiras Alışveriş Merkezi","4",4000,"38.7304° N, 9.1629° W",12,NULL
257,"Portekiz","Lizbon'un en ünlü sanat galerisi ve sergi salonu","2 saat","Sanat Galerisi","Lizbon, R. Serpa Pinto 4, 1200-444 Lisboa, Portekiz","Berardo Sanat Koleksiyonu","4",3900,"38.6939° N, 9.2069° W",12,NULL
258,"Portekiz","Lizbon'un en ünlü futbol stadyumu ve maç yeri","2 saat","Stadyum","Lizbon, Av. General Norton de Matos, 1500-313 Lisboa, Portekiz","Estádio da Luz","4",3800,"38.7520° N, 9.1843° W",12,NULL
259,"Portekiz","Lizbon'un en ünlü müzik mekânı ve konser salonu","3 saat","Konser Salonu","Lizbon, R. Salgadeiras 42, 1200-422 Lisboa, Portekiz","Lizbon Müzik Salonu","4",3700,"38.7092° N, 9.1472° W",12,NULL
260,"Portekiz","Lizbon'un en ünlü plajı ve kumsalı","3 saat","Plaj","Lizbon, Av. 24 de Julho, 1200-625 Lisboa, Portekiz","Santo Amaro Plajı","4",3600,"38.7013° N, 9.1784° W",12,NULL
266,"Portekiz","Lizbon'un en iyi ve geleneksel yemekleri sunan restoranı","2 saat","Restoran","Lizbon, Rua dos Sapateiros 200, 1100-579 Lisboa, Portekiz","Restaurante Sacramento","4.9",5500,"38.7105° N, 9.1417° W",12,NULL
267,"Portekiz","Lizbon'un en lezzetli ve deniz ürünleri restoranı","2 saat","Restoran","Lizbon, Av. Brasília, 1400-038 Lisboa, Portekiz","Sea Me Peixaria Moderna","4.8",5400,"38.6977° N, 9.2136° W",12,NULL
268,"Portekiz","Lizbon'un en popüler ve kalabalık restoranı","2 saat","Restoran","Lizbon, Cais do Gás, 1200-109 Lisboa, Portekiz","Time Out Market Lisboa","4.7",5300,"38.7061° N, 9.1433° W",12,NULL
269,"Portekiz","Lizbon'un en romantik ve manzaralı restoranı","2 saat","Restoran","Lizbon, Alcântara, 1300-422 Lisboa, Portekiz","Ponto Final","4.6",5200,"38.7017° N, 9.1735° W",12,NULL
270,"Portekiz","Lizbon'un en eğlenceli ve canlı restoranı","2 saat","Restoran","Lizbon, R. Nova do Carvalho 40, 1200-292 Lisboa, Portekiz","Bairro do Avillez","4.5",5100,"38.7061° N, 9.1431° W",12,NULL
332,"İsveç","Stockholm'ün en ünlü tarihi meydanı ve simgesi","2 saat","Meydan","Stockholm, 111 30 Stockholm, İsveç","Stortorget Meydanı","4.9",5500,"59.3250° N, 18.0710° E",15,NULL
261,"Portekiz","Lizbon'un en lüks oteli ve konaklama mekânı","24 saat","Otel","Lizbon, Av. da Liberdade 185, 1250-140 Lisboa, Portekiz","Four Seasons Hotel Ritz Lisbon","4.9",5500,"38.7189° N, 9.1506° W",12,"https://i.travelapi.com/lodging/1000000/520000/519100/519042/5361b42b_z.jpg"
263,"Portekiz","Lizbon'un en uygun fiyatlı oteli ve konaklama seçeneği","24 saat","Otel","Lizbon, R. da Glória 5, 1250-114 Lisboa, Portekiz","Residencial Florescente","4.7",5300,"38.7133° N, 9.1413° W",12,"https://d1bb1mccaihlpl.cloudfront.net/variants/g6pwgbtv9s3je8wioc15x9x4lakp/396b2c567ce2cb22ac6891c1f03012a0e8eba3db6b86ec7f20508076314e8ba2"
333,"İsveç","Stockholm'ün en ünlü müzesi ve sanat galerisi","3 saat","Müze","Stockholm, Djurgårdsvägen 6-16, 115 93 Stockholm, İsveç","Vasa Müzesi","4.8",5400,"59.3283° N, 18.0918° E",15,NULL
265,"Portekiz","Lizbon'un en rahat oteli ve konaklama hizmeti","24 saat","Otel","Lizbon, Tv. do Fala-Só 3, 1250-117 Lisboa, Portekiz","Hotel da Baixa","4.5",5100,"38.7135° N, 9.1396° W",12,"https://dynamic-media-cdn.tripadvisor.com/media/photo-o/1c/fc/df/29/hotel-da-baixa.jpg?w=1200&h=-1&s=1"
334,"İsveç","Stockholm'ün en ünlü mimari yapılarından biri","2 saat","Tarihî Yapı","Stockholm, 107 70 Stockholm, İsveç","Kraliyet Sarayı","4.7",5300,"59.3277° N, 18.0718° E",15,NULL
335,"İsveç","Stockholm'ün en ünlü alışveriş caddesi ve mağazaları","3 saat","Alışveriş Bölgesi","Stockholm, 111 57 Stockholm, İsveç","Drottninggatan","4.6",5200,"59.3324° N, 18.0635° E",15,NULL
264,"Portekiz","Lizbon'un en merkezi oteli ve konaklama yeri","24 saat","Otel","Lizbon, Av. 5 de Outubro 197, 1050-054 Lisboa, Portekiz","Hotel Alif Avenida","4.6",5200,"38.7383° N, 9.1454° W",12,"https://media-cdn.tripadvisor.com/media/photo-s/09/3e/cc/7d/hotel-alif-avenidas.jpg"
262,"Portekiz","Lizbon'un en popüler butik oteli ve pansiyonu","24 saat","Otel","Lizbon, R. da Madalena 19, 1100-319 Lisboa, Portekiz","The Lumiares Hotel & Spa","4.8",5400,"38.7129° N, 9.1409° W",12,"https://i0.wp.com/hoganholidays.co.uk/wp-content/uploads/2021/05/The-Lumiares-Hotel-and-Spa-2.jpg?fit=1024%2C576&ssl=1"
336,"İsveç","Stockholm'ün en ünlü parkı ve yeşil alanı","3 saat","Park","Stockholm, 115 21 Stockholm, İsveç","Kungsträdgården","4.5",5100,"59.3325° N, 18.0725° E",15,NULL
337,"İsveç","Stockholm'ün en ünlü kilisesi ve manzarası","2 saat","Tarihî Yapı","Stockholm, 107 85 Stockholm, İsveç","Storkyrkan","4.4",5000,"59.3252° N, 18.0676° E",15,NULL
338,"İsveç","Stockholm'ün en ünlü köprüsü ve nehir manzarası","2 saat","Köprü","Stockholm, 112 30 Stockholm, İsveç","Vasabron","4.3",4900,"59.3240° N, 18.0725° E",15,NULL
339,"İsveç","Stockholm'ün en ünlü anıtı ve hatırası","2 saat","Anıt","Stockholm, 111 30 Stockholm, İsveç","St. George ve Ejderha Heykeli","4.2",4800,"59.3244° N, 18.0710° E",15,NULL
340,"İsveç","Stockholm'ün en ünlü pazarı ve alışveriş noktası","2 saat","Pazar","Stockholm, 111 57 Stockholm, İsveç","Hotorget Pazarı","4.1",4700,"59.3343° N, 18.0629° E",15,NULL
341,"İsveç","Stockholm'ün en ünlü bira fabrikası ve tadımı","2 saat","Fabrika","Stockholm, 118 56 Stockholm, İsveç","Nya Carnegiebryggeriet","4",4600,"59.3139° N, 18.0284° E",15,NULL
342,"İsveç","Stockholm'ün en ünlü kalesi ve tarihî yapısı","3 saat","Tarihî Yapı","Stockholm, 111 30 Stockholm, İsveç","Stockholm Kalesi","4.9",5500,"59.3257° N, 18.0713° E",15,NULL
343,"İsveç","Stockholm'ün en ünlü sahil bölgesi ve plajı","4 saat","Plaj","Stockholm, 115 21 Stockholm, İsveç","Skeppsholmen Plajı","4.8",5400,"59.3222° N, 18.0861° E",15,NULL
344,"İsveç","Stockholm'ün en ünlü sergi ve etkinlik alanı","3 saat","Etkinlik Alanı","Stockholm, 112 20 Stockholm, İsveç","Stockholm Fuar ve Kongre Merkezi","4.7",5300,"59.2992° N, 18.0830° E",15,NULL
345,"İsveç","Stockholm'ün en ünlü gölü ve manzarası","2 saat","Göl","Stockholm, 112 17 Stockholm, İsveç","Riddarfjärden Gölü","4.6",5200,"59.3204° N, 18.0604° E",15,NULL
346,"İsveç","Stockholm'ün en ünlü doğal parkı ve yeşil alanı","3 saat","Park","Stockholm, 111 21 Stockholm, İsveç","Djurgården Parkı","4.5",5100,"59.3260° N, 18.1013° E",15,NULL
347,"İsveç","Stockholm'ün en ünlü adası ve manzarası","4 saat","Ada","Stockholm, 111 30 Stockholm, İsveç","Djurgården Adası","4.4",5000,"59.3190° N, 18.1094° E",15,NULL
348,"İsveç","Stockholm'ün en ünlü tarihi sokakları ve evleri","3 saat","Sokak","Stockholm, 111 29 Stockholm, İsveç","Gamla Stan Tarihi Sokakları","4.3",4900,"59.3244° N, 18.0701° E",15,NULL
349,"İsveç","Stockholm'ün en ünlü gökdeleni ve manzarası","2 saat","Gökdelen","Stockholm, 111 52 Stockholm, İsveç","Kaknästornet Gökdeleni","4.2",4800,"59.3258° N, 18.1066° E",15,NULL
350,"İsveç","Stockholm'ün en ünlü opera binası ve sanat merkezi","3 saat","Opera Binasi","Stockholm, 103 22 Stockholm, İsveç","Kraliyet İsveç Opera Binası","4.1",4700,"59.3289° N, 18.0665° E",15,NULL
351,"İsveç","Stockholm'ün en ünlü evi ve tarihî yapısı","2 saat","Tarihî Yapı","Stockholm, 111 30 Stockholm, İsveç","Kraliyet İsveç Sarayı","4",4600,"59.3267° N, 18.0713° E",15,NULL
352,"İsveç","Stockholm'ün en lüks oteli ve konaklama mekânı","24 saat","Otel","Stockholm, Södra Blasieholmshamnen 8, 103 27 Stockholm, İsveç","Grand Hotel Stockholm","4.9",5500,"59.3299° N, 18.0747° E",15,NULL
354,"İsveç","Stockholm'ün en uygun fiyatlı oteli ve konaklama seçeneği","24 saat","Otel","Stockholm, Kungsholmsgatan 31, 112 27 Stockholm, İsveç","City Lodge Hostel","4.7",5300,"59.3252° N, 18.0415° E",15,NULL
355,"İsveç","Stockholm'ün en merkezi oteli ve konaklama yeri","24 saat","Otel","Stockholm, Vasagatan 1, 111 20 Stockholm, İsveç","Scandic Grand Central Stockholm","4.6",5200,"59.3316° N, 18.0599° E",15,NULL
356,"İsveç","Stockholm'ün en rahat oteli ve konaklama hizmeti","24 saat","Otel","Stockholm, Sveavägen 78, 113 59 Stockholm, İsveç","Comfort Hotel Stockholm","4.5",5100,"59.3372° N, 18.0521° E",15,NULL
357,"İsveç","Stockholm'ün en popüler ve lezzetli restoranı","2 saat","Restoran","Stockholm, Österlånggatan 17, 111 31 Stockholm, İsveç","Restaurang Prinsen","4.9",5500,"59.3259° N, 18.0728° E",15,NULL
358,"İsveç","Stockholm'ün en romantik ve manzaralı restoranı","2 saat","Restoran","Stockholm, Saltsjöqvarns kaj 25, 131 71 Nacka, İsveç","Restaurang Mårten Trotzig","4.8",5400,"59.3195° N, 18.0883° E",15,NULL
359,"İsveç","Stockholm'ün en eğlenceli ve canlı restoranı","2 saat","Restoran","Stockholm, Mälartorget 13, 111 27 Stockholm, İsveç","Sjöcaféet Restoranı","4.7",5300,"59.3257° N, 18.0679° E",15,NULL
360,"İsveç","Stockholm'ün en şık ve zarif restoranı","2 saat","Restoran","Stockholm, Artillerigatan 14, 114 51 Stockholm, İsveç","Ulriksdals Wärdshus Restoranı","4.6",5200,"59.3318° N, 18.0396° E",15,NULL
361,"İsveç","Stockholm'ün en geleneksel ve lezzetli restoranı","2 saat","Restoran","Stockholm, Stadshusparken 1, 111 30 Stockholm, İsveç","Stadshuskällaren Restoranı","4.5",5100,"59.3277° N, 18.0545° E",15,NULL
362,"Finlandiya","Helsinki'nin en ünlü katedrali ve tarihî yapılarından biri","2 saat","Tarihî Yapı","Helsinki, Unioninkatu 29, 00170 Helsinki, Finlandiya","Helsinki Katedrali","4.9",5500,"60.1695° N, 24.9470° E",16,NULL
363,"Finlandiya","Helsinki'nin en ünlü adası ve yeşil alanı","3 saat","Ada","Helsinki, 00140 Helsinki, Finlandiya","Suomenlinna Adası","4.8",5400,"60.1440° N, 24.9884° E",16,NULL
364,"Finlandiya","Helsinki'nin en ünlü parkı ve doğal alanı","3 saat","Park","Helsinki, Eteläranta, 00130 Helsinki, Finlandiya","Esplanadi Parkı","4.7",5300,"60.1674° N, 24.9469° E",16,NULL
365,"Finlandiya","Helsinki'nin en ünlü müzesi ve sanat galerisi","3 saat","Müze","Helsinki, Mannerheimintie 22-24, 00100 Helsinki, Finlandiya","Ateneum Sanat Müzesi","4.6",5200,"60.1696° N, 24.9352° E",16,NULL
366,"Finlandiya","Helsinki'nin en ünlü alışveriş caddesi ve mağazaları","3 saat","Alışveriş Bölgesi","Helsinki, Aleksanterinkatu 52, 00100 Helsinki, Finlandiya","Aleksanterinkatu Alışveriş Caddesi","4.5",5100,"60.1692° N, 24.9440° E",16,NULL
367,"Finlandiya","Helsinki'nin en ünlü gölü ve manzarası","2 saat","Göl","Helsinki, 00100 Helsinki, Finlandiya","Toolonlahti Gölü","4.4",5000,"60.1817° N, 24.9189° E",16,NULL
368,"Finlandiya","Helsinki'nin en ünlü tarihi limanı ve sahil bölgesi","2 saat","Liman","Helsinki, Eteläsatama, 00130 Helsinki, Finlandiya","Helsinki Limanı","4.3",4900,"60.1612° N, 24.9534° E",16,NULL
369,"Finlandiya","Helsinki'nin en ünlü kilisesi ve manzarası","2 saat","Tarihî Yapı","Helsinki, Kanavakatu 1, 00160 Helsinki, Finlandiya","Uspenski Katedrali","4.2",4800,"60.1672° N, 24.9563° E",16,NULL
370,"Finlandiya","Helsinki'nin en ünlü anıtı ve hatırası","2 saat","Anıt","Helsinki, 00100 Helsinki, Finlandiya","Sibelius Anıtı","4.1",4700,"60.1828° N, 24.9130° E",16,NULL
371,"Finlandiya","Helsinki'nin en ünlü gökdeleni ve manzarası","2 saat","Gökdelen","Helsinki, 00100 Helsinki, Finlandiya","Kamppi Gökdeleni","4",4600,"60.1671° N, 24.9313° E",16,NULL
372,"Finlandiya","Helsinki'nin en ünlü tarihi meydanı ve simgesi","2 saat","Meydan","Helsinki, 00100 Helsinki, Finlandiya","Senate Meydanı","4.9",5500,"60.1691° N, 24.9476° E",16,NULL
373,"Finlandiya","Helsinki'nin en ünlü doğal parkı ve rekreasyon alanı","3 saat","Park","Helsinki, 00100 Helsinki, Finlandiya","Kaivopuisto Parkı","4.8",5400,"60.1557° N, 24.9568° E",16,NULL
374,"Finlandiya","Helsinki'nin en ünlü sahil bölgesi ve plajı","3 saat","Plaj","Helsinki, 00100 Helsinki, Finlandiya","Hietaniemi Plajı","4.7",5300,"60.1703° N, 24.9151° E",16,NULL
375,"Finlandiya","Helsinki'nin en ünlü opera binası ve sanat merkezi","3 saat","Opera Binasi","Helsinki, 00100 Helsinki, Finlandiya","Finlandiya Ulusal Opera ve Bale Tiyatrosu","4.6",5200,"60.1812° N, 24.9282° E",16,NULL
376,"Finlandiya","Helsinki'nin en ünlü sergi ve etkinlik alanı","3 saat","Etkinlik Alanı","Helsinki, 00100 Helsinki, Finlandiya","Messukeskus Helsinki - Fuar ve Kongre Merkezi","4.5",5100,"60.2022° N, 24.9322° E",16,NULL
377,"Finlandiya","Helsinki'nin en ünlü tarihi sokakları ve evleri","3 saat","Sokak","Helsinki, 00100 Helsinki, Finlandiya","Esplanadi Caddesi","4.4",5000,"60.1698° N, 24.9485° E",16,NULL
378,"Finlandiya","Helsinki'nin en ünlü alışveriş merkezi ve mağazaları","3 saat","Alışveriş Merkezi","Helsinki, Aleksanterinkatu 9, 00100 Helsinki, Finlandiya","Stockmann Alışveriş Merkezi","4.3",4900,"60.1682° N, 24.9456° E",16,NULL
379,"Finlandiya","Helsinki'nin en ünlü heykeli ve sanat eseri","2 saat","Heykel","Helsinki, Pohjoisesplanadi 33, 00100 Helsinki, Finlandiya","Havis Amanda Heykeli","4.2",4800,"60.1684° N, 24.9490° E",16,NULL
380,"Finlandiya","Helsinki'nin en ünlü manzaralı yolculuk rotası ve treni","3 saat","Tren","Helsinki, Central Railway Station, 00100 Helsinki, Finlandiya","Helsinki - Rovaniemi Tren Yolculuğu","4.1",4700,"60.1713° N, 24.9422° E",16,NULL
381,"Finlandiya","Helsinki'nin en ünlü göleti ve doğal alanı","2 saat","Gölet","Helsinki, 00100 Helsinki, Finlandiya","Sinebrychoff Parkı","4",4600,"60.1642° N, 24.9465° E",16,NULL
382,"Finlandiya","Helsinki'nin en ünlü teknoloji müzesi ve sergi alanı","3 saat","Müze","Helsinki, 00100 Helsinki, Finlandiya","Tekniska Museet Helsinki","4.9",5500,"60.1746° N, 24.9341° E",16,NULL
383,"Finlandiya","Helsinki'nin en lüks oteli ve konaklama mekânı","24 saat","Otel","Helsinki, Mannerheimintie 12, 00100 Helsinki, Finlandiya","Hotel Kämp","4.9",5500,"60.1688° N, 24.9469° E",16,NULL
353,"İsveç","Stockholm'ün en popüler butik oteli ve pansiyonu","24 saat","Otel","Stockholm, Södra Blasieholmshamnen 4A, 111 48 Stockholm, İsveç","Berns Oteli","4.8",5400,"59.3310° N, 18.0746° E",15,NULL
385,"Finlandiya","Helsinki'nin en uygun fiyatlı oteli ve konaklama seçeneği","24 saat","Otel","Helsinki, Yrjönkatu 26, 00100 Helsinki, Finlandiya","Hostel Diana Park","4.7",5300,"60.1670° N, 24.9452° E",16,NULL
386,"Finlandiya","Helsinki'nin en merkezi oteli ve konaklama yeri","24 saat","Otel","Helsinki, Kluuvikatu 4, 00100 Helsinki, Finlandiya","GLO Hotel Kluuvi","4.6",5200,"60.1696° N, 24.9473° E",16,NULL
387,"Finlandiya","Helsinki'nin en rahat oteli ve konaklama hizmeti","24 saat","Otel","Helsinki, Kaisaniemenkatu 7, 00100 Helsinki, Finlandiya","Scandic Kaisaniemi","4.5",5100,"60.1712° N, 24.9458° E",16,NULL
389,"Finlandiya","Helsinki'nin en romantik ve manzaralı restoranı","2 saat","Restoran","Helsinki, Kanavaranta 7, 00160 Helsinki, Finlandiya","Restaurant Savoy","4.8",5400,"60.1643° N, 24.9550° E",16,NULL
390,"Finlandiya","Helsinki'nin en eğlenceli ve canlı restoranı","2 saat","Restoran","Helsinki, Pohjoinen Rautatiekatu 21, 00100 Helsinki, Finlandiya","Ravintola Lasipalatsi","4.7",5300,"60.1699° N, 24.9371° E",16,NULL
391,"Finlandiya","Helsinki'nin en şık ve zarif restoranı","2 saat","Restoran","Helsinki, Eteläesplanadi 22, 00130 Helsinki, Finlandiya","Ravintola Savoy","4.6",5200,"60.1675° N, 24.9495° E",16,NULL
392,"Finlandiya","Helsinki'nin en geleneksel ve lezzetli restoranı","2 saat","Restoran","Helsinki, Iso Roobertinkatu 2, 00120 Helsinki, Finlandiya","Ravintola Story","4.5",5100,"60.1631° N, 24.9467° E",16,NULL
388,"Finlandiya","Helsinki'nin en popüler ve lezzetli restoranı","2 saat","Restoran","Helsinki, Pohjoisesplanadi 19, 00100 Helsinki, Finlandiya","Savotta Restoranı","4.9",5500,"60.1690° N, 24.9483° E",16,"https://sua.dinnerbooking.eu/img/restaurants/2475/530x250/1584092218_963-2475-ravintola-savotta.jpg"
384,"Finlandiya","Helsinki'nin en popüler butik oteli ve pansiyonu","24 saat","Otel","Helsinki, Bulevardi 28, 00120 Helsinki, Finlandiya","Hotel Lilla Roberts","4.8",5400,"60.1645° N, 24.9395° E",16,NULL
393,"Norveç","Oslo'nun en ünlü tarihi kale ve manzarası","3 saat","Kale","Oslo, 0151 Oslo, Norveç","Akershus Kalesi","4.9",5800,"59.9088° N, 10.7376° E",17,NULL
394,"Norveç","Oslo'nun en ünlü müzesi ve sanat koleksiyonu","3 saat","Müze","Oslo, Munkedamsveien 15, 0250 Oslo, Norveç","Oslo Munch Müzesi","4.8",5700,"59.9245° N, 10.7032° E",17,NULL
395,"Norveç","Oslo'nun en ünlü parkı ve yeşil alanı","3 saat","Park","Oslo, Sognsveien 75 A, 0855 Oslo, Norveç","Vigeland Skulpturpark","4.7",5600,"59.9272° N, 10.7008° E",17,NULL
396,"Norveç","Oslo'nun en ünlü sergi ve etkinlik alanı","3 saat","Etkinlik Alanı","Oslo, 0212 Oslo, Norveç","Norsk Folkemuseum","4.6",5500,"59.9050° N, 10.6868° E",17,NULL
397,"Norveç","Oslo'nun en ünlü katedrali ve mimari şaheseri","2 saat","Katedral","Oslo, Stortingsgata 28, 0161 Oslo, Norveç","Oslo Katedrali","4.5",5400,"59.9113° N, 10.7462° E",17,NULL
398,"Norveç","Oslo'nun en ünlü limanı ve sahil bölgesi","2 saat","Liman","Oslo, 0151 Oslo, Norveç","Oslo Limanı","4.4",5300,"59.9104° N, 10.7316° E",17,NULL
399,"Norveç","Oslo'nun en ünlü heykeli ve anıtı","2 saat","Heykel","Oslo, Homansbyen, 0277 Oslo, Norveç","Güneş Heykeli","4.3",5200,"59.9161° N, 10.7209° E",17,NULL
400,"Norveç","Oslo'nun en ünlü alışveriş caddesi ve mağazaları","3 saat","Alışveriş Bölgesi","Oslo, Karl Johans gate 23B, 0159 Oslo, Norveç","Karl Johans Gate","4.2",5100,"59.9133° N, 10.7404° E",17,NULL
401,"Norveç","Oslo'nun en ünlü tarihi evleri ve sokakları","2 saat","Tarihî Evler","Oslo, 0192 Oslo, Norveç","Gronland Mahallesi","4.1",5000,"59.9111° N, 10.7593° E",17,NULL
402,"Norveç","Oslo'nun en ünlü doğal parkı ve yeşil alanı","3 saat","Park","Oslo, Kirkeveien 110, 0364 Oslo, Norveç","Frogner Parkı","4",4900,"59.9244° N, 10.7075° E",17,NULL
403,"Norveç","Oslo'nun en ünlü manzaralı yolculuk rotası ve treni","3 saat","Tren","Oslo, Jernbanetorget 1, 0154 Oslo, Norveç","Oslo - Bergen Tren Yolculuğu","4.9",5800,"59.9100° N, 10.7507° E",17,NULL
404,"Norveç","Oslo'nun en ünlü modern sanat galerisi ve sergi alanı","3 saat","Sanat Galerisi","Oslo, Dronningens gate 4, 0152 Oslo, Norveç","Oslo Modern Sanat Müzesi","4.8",5700,"59.9079° N, 10.7439° E",17,NULL
405,"Norveç","Oslo'nun en ünlü sahil bölgesi ve plajı","3 saat","Plaj","Oslo, Bygdøy, 0286 Oslo, Norveç","Huk Plajı","4.7",5600,"59.9026° N, 10.6796° E",17,NULL
406,"Norveç","Oslo'nun en ünlü teknoloji müzesi ve sergi alanı","3 saat","Müze","Oslo, Kjelsasveien 143, 0491 Oslo, Norveç","Norsk Teknisk Museum","4.6",5500,"59.9485° N, 10.7642° E",17,NULL
407,"Norveç","Oslo'nun en ünlü anıtı ve hatırası","2 saat","Anıt","Oslo, 0151 Oslo, Norveç","Nobel Barış Ödülü Merkezi","4.5",5400,"59.9075° N, 10.7290° E",17,NULL
408,"Norveç","Oslo'nun en ünlü sergi ve etkinlik alanı","3 saat","Etkinlik Alanı","Oslo, Middelthunsgate 25, 0368 Oslo, Norveç","Vigeland-Munch Sergi","4.4",5300,"59.9251° N, 10.7102° E",17,NULL
409,"Norveç","Oslo'nun en ünlü heykeli ve anıtı","2 saat","Heykel","Oslo, Utsiktenveien 18, 0287 Oslo, Norveç","Viking Gemi Müzesi","4.3",5200,"59.9074° N, 10.6828° E",17,NULL
410,"Norveç","Oslo'nun en ünlü sergi ve etkinlik alanı","3 saat","Etkinlik Alanı","Oslo, Bygdøy, 0287 Oslo, Norveç","Folkemuseum - Kon-Tiki Müzesi","4.2",5100,"59.9044° N, 10.6874° E",17,NULL
411,"Norveç","Oslo'nun en ünlü limanı ve sahil bölgesi","2 saat","Liman","Oslo, Akershusstranda 29, 0150 Oslo, Norveç","Aker Brygge","4.1",5000,"59.9077° N, 10.7238° E",17,NULL
412,"Norveç","Oslo'nun en ünlü kilisesi ve mimari yapı","2 saat","Kilise","Oslo, Karl Johans gate 11, 0154 Oslo, Norveç","Oslo Dom Kilisesi","4",4900,"59.9117° N, 10.7484° E",17,NULL
413,"Norveç","Oslo'nun en lüks oteli ve konaklama mekânı","24 saat","Otel","Oslo, Dr. Holms ve Holmenkollbakken, 0787 Oslo, Norveç","The Thief","4.9",5800,"59.9111° N, 10.7204° E",17,NULL
414,"Norveç","Oslo'nun en popüler oteli ve konaklama yeri","24 saat","Otel","Oslo, Tordenskiolds gate 8, 0160 Oslo, Norveç","Hotel Continental","4.8",5700,"59.9126° N, 10.7274° E",17,NULL
415,"Norveç","Oslo'nun en uygun fiyatlı oteli ve konaklama seçeneği","24 saat","Otel","Oslo, Stenersgata 24, 0184 Oslo, Norveç","Saga Hotel Oslo Central","4.7",5600,"59.9113° N, 10.7514° E",17,NULL
416,"Norveç","Oslo'nun en merkezi oteli ve konaklama yeri","24 saat","Otel","Oslo, Dronningens gate 15, 0152 Oslo, Norveç","Grand Hotel Oslo","4.6",5500,"59.9124° N, 10.7379° E",17,NULL
417,"Norveç","Oslo'nun en rahat oteli ve konaklama hizmeti","24 saat","Otel","Oslo, Holbergs gate 30, 0166 Oslo, Norveç","Hotel Christiania Teater","4.5",5400,"59.9141° N, 10.7381° E",17,NULL
418,"Norveç","Oslo'nun en popüler ve lezzetli restoranı","2 saat","Restoran","Oslo, Dronningens gate 27, 0154 Oslo, Norveç","Maaemo","4.9",5800,"59.9097° N, 10.7466° E",17,NULL
419,"Norveç","Oslo'nun en romantik ve manzaralı restoranı","2 saat","Restoran","Oslo, Holmenkollveien 30, 0787 Oslo, Norveç","Ekebergrestauranten","4.8",5700,"59.8998° N, 10.7683° E",17,NULL
420,"Norveç","Oslo'nun en eğlenceli ve canlı restoranı","2 saat","Restoran","Oslo, Lille Bislett 2, 0168 Oslo, Norveç","Villa Paradiso Grünerløkka","4.7",5600,"59.9245° N, 10.7504° E",17,NULL
421,"Norveç","Oslo'nun en şık ve zarif restoranı","2 saat","Restoran","Oslo, Østbanehallen, 0154 Oslo, Norveç","Brasserie France","4.6",5500,"59.9100° N, 10.7490° E",17,NULL
422,"Norveç","Oslo'nun en geleneksel ve lezzetli restoranı","2 saat","Restoran","Oslo, Karl Johans gate 31, 0162 Oslo, Norveç","Egon","4.5",5400,"59.9144° N, 10.7394° E",17,NULL
323,"Danimarka","Kopenhag'ın en popüler butik oteli ve pansiyonu","24 saat","Otel","Kopenhag, Langelinie 47, 2100 København Ø, Danimarka","71 Nyhavn Hotel","4.8",5400,"55.7040° N, 12.5954° E",14,NULL
423,"Estonya","St. Olaf Kilisesi, Orta Çağ'dan kalma muhteşem bir kilise ve şehrin panoramik manzarasını sunan bir gözlem kulesi ile ünlüdür.","1 saat","Kilise","Tallinn, Lai 50, 10133 Tallinn, Estonya","St. Olaf Kilisesi","4.7",5500,"59.4373° N, 24.7462° E",18,NULL
424,"Estonya","Tallinn Belediye Sarayı, Gotik mimarisi ve 64 metrelik çan kulesiyle dikkat çeken tarihi bir yapıdır.","1 saat","Tarihi Yapı","Tallinn, Raekoja plats 1, 10146 Tallinn, Estonya","Tallinn Belediye Sarayı","4.6",5400,"59.4371° N, 24.7453° E",18,NULL
425,"Estonya","Tallinn Şehir Duvarları, Orta Çağ'dan kalma ve şehri çevreleyen etkileyici surların bir parçasıdır.","1 saat","Tarihi Yapı","Tallinn, Lossi plats 9, 10130 Tallinn, Estonya","Tallinn Şehir Duvarları","4.5",5300,"59.4369° N, 24.7427° E",18,NULL
426,"Estonya","Kadriorg Sarayı, Barok tarzı mimarisi ve güzel bahçeleriyle ünlü olan tarihi bir saraydır.","2 saat","Saray","Tallinn, A. Weizenbergi 37, 10127 Tallinn, Estonya","Kadriorg Sarayı","4.8",5600,"59.4392° N, 24.7965° E",18,NULL
427,"Estonya","Tallinn Hayvanat Bahçesi, geniş bir yelpazede hayvan türlerini barındıran ve aileler için popüler bir eğlence mekanıdır.","3 saat","Hayvanat Bahçesi","Tallinn, Paldiski maantee 145, 13522 Tallinn, Estonya","Tallinn Hayvanat Bahçesi","4.4",5200,"59.4367° N, 24.7224° E",18,NULL
428,"Estonya","Tallinn Film Müzesi, Estonya sinema tarihini ve film yapımı süreçlerini tanıtan ilgi çekici bir müzedir.","2 saat","Müze","Tallinn, Pirita tee 56, 12012 Tallinn, Estonya","Tallinn Film Müzesi","4.7",5400,"59.4561° N, 24.8387° E",18,NULL
429,"Estonya","Tallinn TV Kulesi, şehrin panoramik manzarasını izleyebileceğiniz ve restoranında yemek yiyebileceğiniz bir gözlem kulesidir.","1 saat","Gözlem Kulesi","Tallinn, Kloostrimetsa tee 58 A, 11913 Tallinn, Estonya","Tallinn TV Kulesi","4.6",5300,"59.4124° N, 24.7533° E",18,NULL
430,"Estonya","Lennusadam Müzesi, denizcilik tarihine odaklanan etkileyici bir müzedir ve eski bir deniz uçak gemisi olan Lennusadam'ı da içerir.","2 saat","Müze","Tallinn, Vesilennuki 6, 10415 Tallinn, Estonya","Lennusadam Müzesi","4.8",5500,"59.4515° N, 24.7426° E",18,NULL
431,"Estonya","Kumu Sanat Müzesi, modern ve çağdaş sanat eserlerine ev sahipliği yapan büyük ve modern bir sanat müzesidir.","2 saat","Sanat Müzesi","Tallinn, A. Weizenbergi 34, 10127 Tallinn, Estonya","Kumu Sanat Müzesi","4.9",5600,"59.4379° N, 24.7976° E",18,NULL
432,"Estonya","Telliskivi Creative City, sanat, kültür, yeme içme ve alışverişin buluştuğu canlı bir kültürel merkezdir.","2 saat","Kültürel Merkez","Tallinn, Telliskivi 60A, 10412 Tallinn, Estonya","Telliskivi Creative City","4.7",5400,"59.4376° N, 24.7329° E",18,NULL
433,"Estonya","Tallinn Botanik Bahçesi, çeşitli bitki türlerini barındıran ve yeşil alanlarla dolu huzurlu bir botanik bahçesidir.","2 saat","Botanik Bahçesi","Tallinn, Kloostrimetsa tee 52, 11913 Tallinn, Estonya","Tallinn Botanik Bahçesi","4.5",5200,"59.4244° N, 24.7132° E",18,NULL
434,"Estonya","Tallinn Zoo, dünyanın dört bir yanından gelen çeşitli hayvan türlerine ev sahipliği yapan büyük bir hayvanat bahçesidir.","3 saat","Hayvanat Bahçesi","Tallinn, Paldiski maantee 145, 13522 Tallinn, Estonya","Tallinn Zoo","4.8",5500,"59.4367° N, 24.7224° E",18,NULL
435,"Estonya","Katariina Kivi Anıtı, Tallinn'in tarihi bölgesinde bulunan ve eski bir cadde lambasını temsil eden bir anıttır.","30 dakika","Anıt","Tallinn, Komandandi tee, 10133 Tallinn, Estonya","Katariina Kivi Anıtı","4.6",5300,"59.4391° N, 24.7393° E",18,NULL
436,"Estonya","Lauluväljak, büyük etkinliklerin, konserlerin ve festival kutlamalarının düzenlendiği geniş bir açık hava alanıdır.","1 saat","Açık Hava Alanı","Tallinn, Narva maantee 95, 10127 Tallinn, Estonya","Lauluväljak","4.7",5400,"59.4345° N, 24.7966° E",18,NULL
437,"Estonya","Pirita Plajı, şehre yakın, uzun bir kumsalı olan popüler bir plajdır ve su sporları için idealdir.","2 saat","Plaj","Tallinn, Rummu tee 3, 11911 Tallinn, Estonya","Pirita Plajı","4.5",5200,"59.4622° N, 24.8253° E",18,NULL
438,"Estonya","Tallinn Tarih Müzesi, şehrin tarihi ve kültürel gelişimini anlatan ilginç ve eğitici bir müzedir.","2 saat","Müze","Tallinn, Pikk 17, 10123 Tallinn, Estonya","Tallinn Tarih Müzesi","4.8",5500,"59.4376° N, 24.7459° E",18,NULL
439,"Estonya","Patarei Deniz Kalesi, tarihi bir hapishane olan bu kale, Estonya'nın tarihini ve ceza adaleti sistemini anlatıyor.","2 saat","Tarihî Yapı","Tallinn, Kalaranna tee 28, 10415 Tallinn, Estonya","Patarei Deniz Kalesi","4.6",5300,"59.4491° N, 24.7352° E",18,NULL
440,"Estonya","Vabaduse Väljak, Tallinn'in merkezi meydanıdır ve önemli anıtlara, müzelere ve restoranlara ev sahipliği yapar.","1 saat","Meydan","Tallinn, Vabaduse väljak, 10123 Tallinn, Estonya","Vabaduse Väljak","4.7",5400,"59.4312° N, 24.7431° E",18,NULL
441,"Estonya","Tallinn Yıldız Gözlemevi, astronomi meraklıları için ideal olan bu gözlemevi, güzel bir ormanlık alanda bulunur.","1 saat","Gözlemevi","Tallinn, Tõravere tee 6, 61602 Kambja vald, Estonya","Tallinn Yıldız Gözlemevi","4.9",5600,"58.3095° N, 26.7042° E",18,NULL
442,"Estonya","Swissôtel Tallinn, modern tasarımı ve yüksek hizmet kalitesiyle dikkat çeken lüks bir oteldir.","24 saat","Otel","Tallinn, Tornimäe 3, 10145 Tallinn, Estonya","Swissôtel Tallinn","4.9",5800,"59.4344° N, 24.7585° E",18,NULL
443,"Estonya","Hotel Telegraaf, tarihi atmosferi ve modern konforu bir araya getiren popüler bir oteldir.","24 saat","Otel","Tallinn, Vana-Posti 11, 10146 Tallinn, Estonya","Hotel Telegraaf","4.8",5700,"59.4373° N, 24.7477° E",18,NULL
444,"Estonya","Hestia Hotel Susi, rahat ve uygun fiyatlı konaklama seçenekleri sunan bir oteldir.","24 saat","Otel","Tallinn, Tartu maantee 48, 10115 Tallinn, Estonya","Hestia Hotel Susi","4.7",5600,"59.4273° N, 24.7573° E",18,NULL
445,"Estonya","Park Inn by Radisson Meriton Conference & Spa Hotel Tallinn, modern konforu ve şehir merkezine yakınlığıyla tercih edilen bir oteldir.","24 saat","Otel","Tallinn, 2 Peterburi tee, 11415 Tallinn, Estonya","Park Inn by Radisson Meriton Conference & Spa Hotel Tallinn","4.6",5500,"59.4308° N, 24.7841° E",18,NULL
446,"Estonya","Radisson Blu Hotel Olümpia, konforlu odaları ve sunduğu olanaklarla ideal bir konaklama noktasıdır.","24 saat","Otel","Tallinn, Paldiski mnt 4, 10137 Tallinn, Estonya","Radisson Blu Hotel Olümpia","4.5",5400,"59.4311° N, 24.7562° E",18,NULL
447,"Estonya","Olde Hansa, Ortaçağ Estonya mutfağından esinlenen geleneksel yemekler sunan popüler bir restorandır.","2 saat","Restoran","Tallinn, Vana turg 1, 10140 Tallinn, Estonya","Olde Hansa","4.7",5500,"59.4357° N, 24.7426° E",18,NULL
448,"Estonya","Rataskaevu 16, Estonya'nın lezzetli yerel yemeklerini modern bir sunumla sunan ünlü bir restorandır.","2 saat","Restoran","Tallinn, Rataskaevu 16, 10123 Tallinn, Estonya","Rataskaevu 16","4.8",5600,"59.4375° N, 24.7456° E",18,NULL
449,"Estonya","Noa Restoran, Baltık Denizi kıyısında muhteşem manzaralar eşliğinde modern Avrupa mutfağı sunan bir restorandır.","2 saat","Restoran","Tallinn, Ranna tee 3, 10149 Tallinn, Estonya","Noa Restoran","4.9",5700,"59.4604° N, 24.8138° E",18,NULL
450,"Estonya","F-Hoone, Kalamaja bölgesinde yer alan sanatsal bir ortamda, lezzetli ve sağlıklı yemekler sunan bir restorandır.","2 saat","Restoran","Tallinn, Telliskivi 60A, 10412 Tallinn, Estonya","F-Hoone","4.6",5400,"59.4374° N, 24.7329° E",18,NULL
451,"Estonya","NOP, yenilikçi ve yaratıcı yemekleri modern bir ortamda sunan popüler bir restorandır.","2 saat","Restoran","Tallinn, Sakala 18, 10141 Tallinn, Estonya","NOP","4.7",5500,"59.4324° N, 24.7481° E",18,NULL
452,"Letonya","Riga Katedrali, Riga'nın en önemli tarihi yapılarından biridir ve Gotik tarzıyla dikkat çeker.","1 saat","Katedral","Riga, Herdera laukums 6, Centra rajons, Rīga, LV-1050, Letonya","Riga Katedrali","4.7",5400,"56.9490° N, 24.1067° E",19,NULL
453,"Letonya","Riga Ormanı, şehrin hemen dışında yer alan bu doğal alan, yürüyüş ve piknik için popüler bir noktadır.","2 saat","Doğal Alan","Riga, Meža prospekts, Vidzemes priekšpilsēta, Rīga, LV-1014, Letonya","Riga Ormanı","4.6",5300,"56.9637° N, 24.1470° E",19,NULL
454,"Letonya","Özgürlük Anıtı, Letonya'nın bağımsızlık sembolü olan bu anıt, Riga'nın en ikonik yapılarından biridir.","30 dakika","Anıt","Riga, Brīvības bulvāris, Centra rajons, Rīga, LV-1050, Letonya","Özgürlük Anıtı","4.8",5500,"56.9509° N, 24.1045° E",19,NULL
455,"Letonya","Riga Belediye Sarayı, Riga'nın tarihi merkezinde bulunan bu binası, Gotik ve Rönesans tarzlarını bir araya getirir.","1 saat","Belediye Sarayı","Riga, Rātslaukums 1, Centra rajons, Rīga, LV-1050, Letonya","Riga Belediye Sarayı","4.7",5400,"56.9497° N, 24.1052° E",19,NULL
456,"Letonya","Riga Merkez Pazarı, taze ürünlerin, el yapımı hediyelik eşyaların ve geleneksel Leton yiyeceklerinin satıldığı büyük bir pazardır.","2 saat","Pazar Yeri","Riga, Nēģu iela 7, Centra rajons, Rīga, LV-1050, Letonya","Riga Merkez Pazarı","4.6",5300,"56.9489° N, 24.1072° E",19,NULL
457,"Letonya","St. Peter's Kilisesi, Riga'nın siluetini oluşturan bu kilise, muhteşem manzaralar sunan bir gözlem platformuna ev sahipliği yapar.","1 saat","Kilise","Riga, Skārņu iela 19, Centra rajons, Rīga, LV-1050, Letonya","St. Peter's Kilisesi","4.7",5400,"56.9479° N, 24.1056° E",19,NULL
458,"Letonya","Riga Motor Müzesi, otomotiv tutkunları için ilginç ve eğitici bir koleksiyona ev sahipliği yapar.","2 saat","Müze","Riga, Sergeja Eizenšteina iela 8, Vidzemes priekšpilsēta, Rīga, LV-1079, Letonya","Riga Motor Müzesi","4.8",5500,"56.9792° N, 24.1331° E",19,NULL
459,"Letonya","Riga Hayvanat Bahçesi, çocuklar ve aileler için harika bir gün geçirme noktasıdır.","2 saat","Hayvanat Bahçesi","Riga, Meža prospekts 1, Vidzemes priekšpilsēta, Rīga, LV-1014, Letonya","Riga Hayvanat Bahçesi","4.5",5200,"56.9717° N, 24.1523° E",19,NULL
460,"Letonya","Latvijas Oküloskopi Müzesi, Latvijas Oküloskopi firmasının tarihini ve gözlük üretim sürecini sergiler.","1 saat","Müze","Riga, Dzirnavu iela 34, Centra rajons, Rīga, LV-1010, Letonya","Latvijas Oküloskopi Müzesi","4.6",5300,"56.9511° N, 24.1155° E",19,NULL
461,"Letonya","Riga Merkez Kütüphanesi, modern mimarisiyle dikkat çeken ve geniş bir koleksiyona sahip olan bir kütüphanedir.","2 saat","Kütüphane","Riga, Mūkusalas iela 3, Zemgales priekšpilsēta, Rīga, LV-1423, Letonya","Riga Merkez Kütüphanesi","4.7",5400,"56.9449° N, 24.1174° E",19,NULL
462,"Letonya","Latvijas Dizain Müzesi, Letonya tasarımının ve sanatının zengin geçmişini ve bugününü keşfetmek için ideal bir yerdir.","2 saat","Müze","Riga, Alberta iela 12, Centra rajons, Rīga, LV-1010, Letonya","Latvijas Dizain Müzesi","4.8",5500,"56.9573° N, 24.1174° E",19,NULL
463,"Letonya","Riga Film Müzesi, Letonya sinemasının tarihini ve gelişimini anlatan ilginç bir müzedir.","1 saat","Müze","Riga, Peitavas iela 10, Centra rajons, Rīga, LV-1050, Letonya","Riga Film Müzesi","4.6",5300,"56.9461° N, 24.1112° E",19,NULL
464,"Letonya","Bastejkalns Parkı, Riga Nehri'nin kıyısında yer alan bu park, şehrin en yeşil ve dinlendirici alanlarından biridir.","1 saat","Park","Riga, Bastion Hill, Centra rajons, Rīga, LV-1050, Letonya","Bastejkalns Parkı","4.7",5400,"56.9523° N, 24.1082° E",19,NULL
465,"Letonya","Riga Ghetto ve Holokost Müzesi, Letonya'daki Yahudi tarihini ve Holokost'u anlatan dokunaklı bir müzedir.","1 saat","Müze","Riga, Maskavas iela 14a, Latgales priekšpilsēta, Rīga, LV-1050, Letonya","Riga Ghetto ve Holokost Müzesi","4.8",5500,"56.9481° N, 24.1320° E",19,NULL
466,"Letonya","Riga Teknoloji Müzesi, bilim ve teknolojinin tarihini ve gelişimini keşfetmek için eğlenceli bir yerdir.","2 saat","Müze","Riga, Pārogas iela 1, Zemgales priekšpilsēta, Rīga, LV-1026, Letonya","Riga Teknoloji Müzesi","4.7",5400,"56.9438° N, 24.1252° E",19,NULL
467,"Letonya","Riga Doğa Tarihi Müzesi, Letonya'nın doğal tarihini ve çevresel mirasını koruyan bir müzedir.","1 saat","Müze","Riga, Krišjāņa Barona iela 4, Centra rajons, Rīga, LV-1050, Letonya","Riga Doğa Tarihi Müzesi","4.6",5300,"56.9514° N, 24.1204° E",19,NULL
468,"Letonya","Riga Sanat Müzesi, ulusal ve uluslararası sanat eserlerini sergileyen önemli bir müzedir.","2 saat","Müze","Riga, K. Valdemāra iela 10, Centra rajons, Rīga, LV-1010, Letonya","Riga Sanat Müzesi","4.7",5400,"56.9582° N, 24.1129° E",19,NULL
469,"Letonya","Riga Arkeoloji Müzesi, Letonya'nın arkeolojik mirasını keşfetmek için zengin bir koleksiyona sahip bir müzedir.","1 saat","Müze","Riga, Palasta iela 4, Centra rajons, Rīga, LV-1050, Letonya","Riga Arkeoloji Müzesi","4.6",5300,"56.9493° N, 24.1132° E",19,NULL
470,"Letonya","Riga Fotoğraf Müzesi, fotoğraf sanatının tarihini ve gelişimini sergileyen ilginç bir müzedir.","1 saat","Müze","Riga, Marstalu iela 8, Centra rajons, Rīga, LV-1050, Letonya","Riga Fotoğraf Müzesi","4.8",5500,"56.9499° N, 24.1084° E",19,NULL
471,"Letonya","Grand Poet Hotel by Semarah, Riga'nın merkezinde lüks bir konaklama imkanı sunar.","24 saat","Otel","Riga, Raina bulvarı 5, Centra rajons, Rīga, LV-1050, Letonya","Grand Poet Hotel by Semarah","4.9",5600,"56.9527° N, 24.1054° E",19,NULL
472,"Letonya","Radisson Blu Hotel Latvija, Riga'nın simgelerinden biridir ve şehrin panoramik manzarasını sunar.","24 saat","Otel","Riga, Elizabetes iela 55, Centra rajons, Rīga, LV-1010, Letonya","Radisson Blu Hotel Latvija","4.8",5500,"56.9506° N, 24.1185° E",19,NULL
473,"Letonya","Hotel Bergs, Riga'nın tarihi merkezine yakın lüks bir konaklama seçeneğidir.","24 saat","Otel","Riga, Elizabetes iela 83/85, Centra rajons, Rīga, LV-1050, Letonya","Hotel Bergs","4.7",5400,"56.9563° N, 24.1182° E",19,NULL
474,"Letonya","Wellton Centrum Hotel & SPA, Riga'nın kalbinde modern bir konaklama deneyimi sunar.","24 saat","Otel","Riga, 33 Kaleju iela, Centra rajons, Rīga, LV-1050, Letonya","Wellton Centrum Hotel & SPA","4.6",5300,"56.9500° N, 24.1061° E",19,NULL
475,"Letonya","Rixwell Elefant Hotel, Riga'nın havaalanına yakın konforlu bir oteldir.","24 saat","Otel","Riga, Kalnciema iela 90, Latgales priekšpilsēta, Rīga, LV-1046, Letonya","Rixwell Elefant Hotel","4.5",5200,"56.9177° N, 24.1109° E",19,NULL
476,"Letonya","Restorāns 3, modern Latvian mutfağıyla harika bir yemek deneyimi sunar.","2 saat","Restoran","Riga, Miera iela 2, Āgenskalna priekšpilsēta, Rīga, LV-1013, Letonya","Restorāns 3","4.9",5800,"56.9547° N, 24.1199° E",19,NULL
477,"Letonya","Ferma, geleneksel Leton mutfağıyla bilinen bir restorandır.","2 saat","Restoran","Riga, Rīgas iela 2, Centra rajons, Rīga, LV-1050, Letonya","Ferma","4.8",5700,"56.9482° N, 24.1063° E",19,NULL
478,"Letonya","Restorāns Valmiermuiža, biraları ve lezzetli yemekleriyle ünlüdür.","2 saat","Restoran","Riga, Pils iela 16, Centra rajons, Rīga, LV-1050, Letonya","Restorāns Valmiermuiža","4.7",5600,"56.9505° N, 24.1058° E",19,NULL
479,"Letonya","Lido Alus Sēta, geleneksel Letonya yemeklerini büfe tarzında sunan popüler bir restorandır.","2 saat","Restoran","Riga, Brīvības gatve 193c, Zemgales priekšpilsēta, Rīga, LV-1012, Letonya","Lido Alus Sēta","4.6",5500,"56.9432° N, 24.1011° E",19,NULL
480,"Letonya","Bibliotēka No1, lüks ve modern bir atmosferde uluslararası yemekler sunan bir restorandır.","2 saat","Restoran","Riga, Krišjāņa Valdemāra iela 101, Centra rajons, Rīga, LV-1013, Letonya","Bibliotēka No1","4.5",5400,"56.9651° N, 24.1316° E",19,NULL
293,"Belçika","Brüksel'in en popüler butik oteli ve pansiyonu","24 saat","Otel","Brüksel, Rue de l'Amigo 1, 1000 Bruxelles, Belçika","Rocco Forte Hotel Amigo","4.8",5400,"50.8477° N, 4.3545° E",13,NULL
